filename,image_path,plot_group,true_score,pred_score,absolute_error
20251021_120858.jpg,/home/nfs/data/nvme_datasets/Pictures_CFSB_leaf_damage/RSFB-Phenotyping_training_set/RSFB-Phenotyping_training_set/20251021_120858.jpg,1_Smaragd_1_1,10.25,10.717343,0.46734333
20251021_120905.jpg,/home/nfs/data/nvme_datasets/Pictures_CFSB_leaf_damage/RSFB-Phenotyping_training_set/RSFB-Phenotyping_training_set/20251021_120905.jpg,1_Smaragd_1_1,14.75,10.276427,4.4735727
20251021_120912.jpg,/home/nfs/data/nvme_datasets/Pictures_CFSB_leaf_damage/RSFB-Phenotyping_training_set/RSFB-Phenotyping_training_set/20251021_120912.jpg,1_Smaragd_1_1,7.75,8.103617,0.3536167
20251021_121120.jpg,/home/nfs/data/nvme_datasets/Pictures_CFSB_leaf_damage/RSFB-Phenotyping_training_set/RSFB-Phenotyping_training_set/20251021_121120.jpg,25_R4S_387_Lirafit_5_1,11.5,8.228917,3.2710829
20251021_121149.jpg,/home/nfs/data/nvme_datasets/Pictures_CFSB_leaf_damage/RSFB-Phenotyping_training_set/RSFB-Phenotyping_training_set/20251021_121149.jpg,36_R4S_433_SEM_6_1,16.0,11.910315,4.0896854
20251021_121203.jpg,/home/nfs/data/nvme_datasets/Pictures_CFSB_leaf_damage/RSFB-Phenotyping_training_set/RSFB-Phenotyping_training_set/20251021_121203.jpg,36_R4S_433_SEM_6_1,22.25,9.607266,12.642734
20251021_121218.jpg,/home/nfs/data/nvme_datasets/Pictures_CFSB_leaf_damage/RSFB-Phenotyping_training_set/RSFB-Phenotyping_training_set/20251021_121218.jpg,37_R4S_521_Taisetsu_7_1,15.25,12.9977865,2.2522135
20251021_121225.jpg,/home/nfs/data/nvme_datasets/Pictures_CFSB_leaf_damage/RSFB-Phenotyping_training_set/RSFB-Phenotyping_training_set/20251021_121225.jpg,37_R4S_521_Taisetsu_7_1,18.25,9.737835,8.512165
20251021_121320.jpg,/home/nfs/data/nvme_datasets/Pictures_CFSB_leaf_damage/RSFB-Phenotyping_training_set/RSFB-Phenotyping_training_set/20251021_121320.jpg,49_R4S_427_J 154_9_1,13.5,9.119349,4.3806515
20251021_121327.jpg,/home/nfs/data/nvme_datasets/Pictures_CFSB_leaf_damage/RSFB-Phenotyping_training_set/RSFB-Phenotyping_training_set/20251021_121327.jpg,49_R4S_427_J 154_9_1,9.75,8.948539,0.8014612
20251021_121345.jpg,/home/nfs/data/nvme_datasets/Pictures_CFSB_leaf_damage/RSFB-Phenotyping_training_set/RSFB-Phenotyping_training_set/20251021_121345.jpg,60_R4S_209_Falcon_10_1,13.0,7.3546247,5.6453753
20251021_121525.jpg,/home/nfs/data/nvme_datasets/Pictures_CFSB_leaf_damage/RSFB-Phenotyping_training_set/RSFB-Phenotyping_training_set/20251021_121525.jpg,73_R4S_437_S2_13_1,12.25,9.024448,3.2255516
20251021_121647.jpg,/home/nfs/data/nvme_datasets/Pictures_CFSB_leaf_damage/RSFB-Phenotyping_training_set/RSFB-Phenotyping_training_set/20251021_121647.jpg,96_R4S_389_Librador_16_1,1.0,8.695772,7.695772
20251021_121655.jpg,/home/nfs/data/nvme_datasets/Pictures_CFSB_leaf_damage/RSFB-Phenotyping_training_set/RSFB-Phenotyping_training_set/20251021_121655.jpg,96_R4S_389_Librador_16_1,19.75,9.722659,10.027341
20251021_121704.jpg,/home/nfs/data/nvme_datasets/Pictures_CFSB_leaf_damage/RSFB-Phenotyping_training_set/RSFB-Phenotyping_training_set/20251021_121704.jpg,96_R4S_389_Librador_16_1,2.0,7.833837,5.833837
20251021_121804.jpg,/home/nfs/data/nvme_datasets/Pictures_CFSB_leaf_damage/RSFB-Phenotyping_training_set/RSFB-Phenotyping_training_set/20251021_121804.jpg,108_R4S_242_SWGospel_18_1,12.75,11.71055,1.0394497
20251021_121810.jpg,/home/nfs/data/nvme_datasets/Pictures_CFSB_leaf_damage/RSFB-Phenotyping_training_set/RSFB-Phenotyping_training_set/20251021_121810.jpg,108_R4S_242_SWGospel_18_1,9.5,9.998437,0.49843693
20251021_121858.jpg,/home/nfs/data/nvme_datasets/Pictures_CFSB_leaf_damage/RSFB-Phenotyping_training_set/RSFB-Phenotyping_training_set/20251021_121858.jpg,120_R4S_158_Lipid_20_1,44.0,20.175907,23.824093
20251021_121959.jpg,/home/nfs/data/nvme_datasets/Pictures_CFSB_leaf_damage/RSFB-Phenotyping_training_set/RSFB-Phenotyping_training_set/20251021_121959.jpg,121_R4S_147_Picasso_21_1,1.5,7.994268,6.494268
20251021_122117.jpg,/home/nfs/data/nvme_datasets/Pictures_CFSB_leaf_damage/RSFB-Phenotyping_training_set/RSFB-Phenotyping_training_set/20251021_122117.jpg,144_R4S_379_Skryesyowicki_24_1,18.0,11.8187275,6.1812725
20251021_122135.jpg,/home/nfs/data/nvme_datasets/Pictures_CFSB_leaf_damage/RSFB-Phenotyping_training_set/RSFB-Phenotyping_training_set/20251021_122135.jpg,144_R4S_379_Skryesyowicki_24_1,21.25,11.225962,10.024038
20251021_122314.jpg,/home/nfs/data/nvme_datasets/Pictures_CFSB_leaf_damage/RSFB-Phenotyping_training_set/RSFB-Phenotyping_training_set/20251021_122314.jpg,157_R4S_225_Barrel_27_1,3.5,8.019678,4.519678
20251021_122322.jpg,/home/nfs/data/nvme_datasets/Pictures_CFSB_leaf_damage/RSFB-Phenotyping_training_set/RSFB-Phenotyping_training_set/20251021_122322.jpg,157_R4S_225_Barrel_27_1,2.75,8.178301,5.428301
20251021_122353.jpg,/home/nfs/data/nvme_datasets/Pictures_CFSB_leaf_damage/RSFB-Phenotyping_training_set/RSFB-Phenotyping_training_set/20251021_122353.jpg,168_R4S_342_Peerless *Acme(_28_1,10.5,10.027788,0.47221184
20251021_122445.jpg,/home/nfs/data/nvme_datasets/Pictures_CFSB_leaf_damage/RSFB-Phenotyping_training_set/RSFB-Phenotyping_training_set/20251021_122445.jpg,180_R4S_221_MADRIGAL x RECITAL DH LINE_30_1,28.75,10.526407,18.223593
20251021_122452.jpg,/home/nfs/data/nvme_datasets/Pictures_CFSB_leaf_damage/RSFB-Phenotyping_training_set/RSFB-Phenotyping_training_set/20251021_122452.jpg,180_R4S_221_MADRIGAL x RECITAL DH LINE_30_1,7.75,9.944682,2.1946821
20251021_122502.jpg,/home/nfs/data/nvme_datasets/Pictures_CFSB_leaf_damage/RSFB-Phenotyping_training_set/RSFB-Phenotyping_training_set/20251021_122502.jpg,180_R4S_221_MADRIGAL x RECITAL DH LINE_30_1,15.0,9.3586855,5.6413145
20251021_122516.jpg,/home/nfs/data/nvme_datasets/Pictures_CFSB_leaf_damage/RSFB-Phenotyping_training_set/RSFB-Phenotyping_training_set/20251021_122516.jpg,181_R4S_296_EMERALD_31_1,25.0,9.638562,15.361438
20251021_122523.jpg,/home/nfs/data/nvme_datasets/Pictures_CFSB_leaf_damage/RSFB-Phenotyping_training_set/RSFB-Phenotyping_training_set/20251021_122523.jpg,181_R4S_296_EMERALD_31_1,15.25,6.346683,8.9033165
20251021_122531.jpg,/home/nfs/data/nvme_datasets/Pictures_CFSB_leaf_damage/RSFB-Phenotyping_training_set/RSFB-Phenotyping_training_set/20251021_122531.jpg,181_R4S_296_EMERALD_31_1,1.0,7.028255,6.028255
20251021_122628.jpg,/home/nfs/data/nvme_datasets/Pictures_CFSB_leaf_damage/RSFB-Phenotyping_training_set/RSFB-Phenotyping_training_set/20251021_122628.jpg,193_R4S_532_WINFRED_33_1,13.75,10.70081,3.0491896
20251021_122637.jpg,/home/nfs/data/nvme_datasets/Pictures_CFSB_leaf_damage/RSFB-Phenotyping_training_set/RSFB-Phenotyping_training_set/20251021_122637.jpg,193_R4S_532_WINFRED_33_1,2.0,7.8213177,5.8213177
20251021_122739.jpg,/home/nfs/data/nvme_datasets/Pictures_CFSB_leaf_damage/RSFB-Phenotyping_training_set/RSFB-Phenotyping_training_set/20251021_122739.jpg,205_R4S_358_PI271452_35_1,14.25,9.463878,4.7861223
20251021_122800.jpg,/home/nfs/data/nvme_datasets/Pictures_CFSB_leaf_damage/RSFB-Phenotyping_training_set/RSFB-Phenotyping_training_set/20251021_122800.jpg,216_R4S_366_Nunsdale_36_1,9.5,8.555356,0.944644
20251021_122843.jpg,/home/nfs/data/nvme_datasets/Pictures_CFSB_leaf_damage/RSFB-Phenotyping_training_set/RSFB-Phenotyping_training_set/20251021_122843.jpg,217_R4S_552_ALLESANDRO KWS_37_1,12.25,6.3108454,5.9391546
20251021_122853.jpg,/home/nfs/data/nvme_datasets/Pictures_CFSB_leaf_damage/RSFB-Phenotyping_training_set/RSFB-Phenotyping_training_set/20251021_122853.jpg,228_R4S_269_Baltia_38_1,9.25,8.314744,0.935256
20251021_123050.jpg,/home/nfs/data/nvme_datasets/Pictures_CFSB_leaf_damage/RSFB-Phenotyping_training_set/RSFB-Phenotyping_training_set/20251021_123050.jpg,252_R4S_471_H61_42_1,3.5,6.2004695,2.7004695
20251021_123058.jpg,/home/nfs/data/nvme_datasets/Pictures_CFSB_leaf_damage/RSFB-Phenotyping_training_set/RSFB-Phenotyping_training_set/20251021_123058.jpg,252_R4S_471_H61_42_1,8.25,6.396177,1.8538232
20251021_123123.jpg,/home/nfs/data/nvme_datasets/Pictures_CFSB_leaf_damage/RSFB-Phenotyping_training_set/RSFB-Phenotyping_training_set/20251021_123123.jpg,253_R4S_288_Slovenska Krajova_43_1,8.0,5.8429837,2.1570163
20251021_123220.jpg,/home/nfs/data/nvme_datasets/Pictures_CFSB_leaf_damage/RSFB-Phenotyping_training_set/RSFB-Phenotyping_training_set/20251021_123220.jpg,264_R4S_305_COUVE NABICA_44_1,7.0,8.288696,1.2886963
20251021_123448.jpg,/home/nfs/data/nvme_datasets/Pictures_CFSB_leaf_damage/RSFB-Phenotyping_training_set/RSFB-Phenotyping_training_set/20251021_123448.jpg,289_R4S_154_Cooper_49_1,9.25,7.8465676,1.4034324
20251021_123500.jpg,/home/nfs/data/nvme_datasets/Pictures_CFSB_leaf_damage/RSFB-Phenotyping_training_set/RSFB-Phenotyping_training_set/20251021_123500.jpg,300_R4S_218_SHANNON x WINNER DH LINE_50_1,7.0,6.820538,0.17946196
20251021_123519.jpg,/home/nfs/data/nvme_datasets/Pictures_CFSB_leaf_damage/RSFB-Phenotyping_training_set/RSFB-Phenotyping_training_set/20251021_123519.jpg,300_R4S_218_SHANNON x WINNER DH LINE_50_1,19.0,10.06824,8.93176
20251021_123535.jpg,/home/nfs/data/nvme_datasets/Pictures_CFSB_leaf_damage/RSFB-Phenotyping_training_set/RSFB-Phenotyping_training_set/20251021_123535.jpg,301_R4S_275_Hokkai 3/Go_51_1,13.25,9.98554,3.2644596
20251021_123625.jpg,/home/nfs/data/nvme_datasets/Pictures_CFSB_leaf_damage/RSFB-Phenotyping_training_set/RSFB-Phenotyping_training_set/20251021_123625.jpg,312_Smaragd_52_1,4.25,9.126868,4.8768682
20251021_123809.jpg,/home/nfs/data/nvme_datasets/Pictures_CFSB_leaf_damage/RSFB-Phenotyping_training_set/RSFB-Phenotyping_training_set/20251021_123809.jpg,299_R4S_143_Robust_50_2,4.75,7.3278785,2.5778785
20251021_123851.jpg,/home/nfs/data/nvme_datasets/Pictures_CFSB_leaf_damage/RSFB-Phenotyping_training_set/RSFB-Phenotyping_training_set/20251021_123851.jpg,287_R4S_161_OASE_48_2,7.0,7.6925983,0.69259834
20251021_123858.jpg,/home/nfs/data/nvme_datasets/Pictures_CFSB_leaf_damage/RSFB-Phenotyping_training_set/RSFB-Phenotyping_training_set/20251021_123858.jpg,287_R4S_161_OASE_48_2,13.5,7.1530857,6.3469143
20251021_124023.jpg,/home/nfs/data/nvme_datasets/Pictures_CFSB_leaf_damage/RSFB-Phenotyping_training_set/RSFB-Phenotyping_training_set/20251021_124023.jpg,266_R4S_335_Dalo Trifolium_45_2,2.75,10.950154,8.200154
20251021_124030.jpg,/home/nfs/data/nvme_datasets/Pictures_CFSB_leaf_damage/RSFB-Phenotyping_training_set/RSFB-Phenotyping_training_set/20251021_124030.jpg,266_R4S_335_Dalo Trifolium_45_2,1.5,7.1604595,5.6604595
20251021_124134.jpg,/home/nfs/data/nvme_datasets/Pictures_CFSB_leaf_damage/RSFB-Phenotyping_training_set/RSFB-Phenotyping_training_set/20251021_124134.jpg,254_R4S_550_ALLESANDRO KWS_43_2,7.25,7.141248,0.108751774
20251021_124142.jpg,/home/nfs/data/nvme_datasets/Pictures_CFSB_leaf_damage/RSFB-Phenotyping_training_set/RSFB-Phenotyping_training_set/20251021_124142.jpg,254_R4S_550_ALLESANDRO KWS_43_2,2.0,5.9106307,3.9106307
20251021_124154.jpg,/home/nfs/data/nvme_datasets/Pictures_CFSB_leaf_damage/RSFB-Phenotyping_training_set/RSFB-Phenotyping_training_set/20251021_124154.jpg,251_R4S_259_Escort_42_2,11.5,7.72072,3.7792802
20251021_124201.jpg,/home/nfs/data/nvme_datasets/Pictures_CFSB_leaf_damage/RSFB-Phenotyping_training_set/RSFB-Phenotyping_training_set/20251021_124201.jpg,251_R4S_259_Escort_42_2,4.5,7.186426,2.6864262
20251021_124309.jpg,/home/nfs/data/nvme_datasets/Pictures_CFSB_leaf_damage/RSFB-Phenotyping_training_set/RSFB-Phenotyping_training_set/20251021_124309.jpg,230_R4S_341_Purple Top_39_2,8.25,7.0516067,1.1983933
20251021_124347.jpg,/home/nfs/data/nvme_datasets/Pictures_CFSB_leaf_damage/RSFB-Phenotyping_training_set/RSFB-Phenotyping_training_set/20251021_124347.jpg,227_R4S_506_Express 617_38_2,3.25,6.9481,3.6981
20251021_124417.jpg,/home/nfs/data/nvme_datasets/Pictures_CFSB_leaf_damage/RSFB-Phenotyping_training_set/RSFB-Phenotyping_training_set/20251021_124417.jpg,218_R4S_498_R4S_NPY2_37_2,2.25,6.491357,4.241357
20251021_124443.jpg,/home/nfs/data/nvme_datasets/Pictures_CFSB_leaf_damage/RSFB-Phenotyping_training_set/RSFB-Phenotyping_training_set/20251021_124443.jpg,215_R4S_458_FS94.3_36_2,6.0,7.436703,1.4367032
20251021_124506.jpg,/home/nfs/data/nvme_datasets/Pictures_CFSB_leaf_damage/RSFB-Phenotyping_training_set/RSFB-Phenotyping_training_set/20251021_124506.jpg,206_R4S_489_S16_35_2,9.0,6.2594833,2.7405167
20251021_124514.jpg,/home/nfs/data/nvme_datasets/Pictures_CFSB_leaf_damage/RSFB-Phenotyping_training_set/RSFB-Phenotyping_training_set/20251021_124514.jpg,206_R4S_489_S16_35_2,5.5,7.3584847,1.8584847
20251021_124545.jpg,/home/nfs/data/nvme_datasets/Pictures_CFSB_leaf_damage/RSFB-Phenotyping_training_set/RSFB-Phenotyping_training_set/20251021_124545.jpg,203_R4S_438_R99_34_2,13.0,6.7853475,6.2146525
20251021_124556.jpg,/home/nfs/data/nvme_datasets/Pictures_CFSB_leaf_damage/RSFB-Phenotyping_training_set/RSFB-Phenotyping_training_set/20251021_124556.jpg,194_R4S_428_S35_33_2,8.75,8.609927,0.14007282
20251021_124605.jpg,/home/nfs/data/nvme_datasets/Pictures_CFSB_leaf_damage/RSFB-Phenotyping_training_set/RSFB-Phenotyping_training_set/20251021_124605.jpg,194_R4S_428_S35_33_2,27.5,10.943922,16.556078
20251021_124640.jpg,/home/nfs/data/nvme_datasets/Pictures_CFSB_leaf_damage/RSFB-Phenotyping_training_set/RSFB-Phenotyping_training_set/20251021_124640.jpg,191_R4S_499_R4S_NPY3_32_2,21.5,6.130641,15.369359
20251021_124700.jpg,/home/nfs/data/nvme_datasets/Pictures_CFSB_leaf_damage/RSFB-Phenotyping_training_set/RSFB-Phenotyping_training_set/20251021_124700.jpg,182_R4S_268_Anja_31_2,15.5,6.76926,8.73074
20251021_124718.jpg,/home/nfs/data/nvme_datasets/Pictures_CFSB_leaf_damage/RSFB-Phenotyping_training_set/RSFB-Phenotyping_training_set/20251021_124718.jpg,182_R4S_268_Anja_31_2,43.25,9.826003,33.423996
20251021_124741.jpg,/home/nfs/data/nvme_datasets/Pictures_CFSB_leaf_damage/RSFB-Phenotyping_training_set/RSFB-Phenotyping_training_set/20251021_124741.jpg,179_R4S_263_Agalon_30_2,13.5,7.580768,5.919232
20251021_124749.jpg,/home/nfs/data/nvme_datasets/Pictures_CFSB_leaf_damage/RSFB-Phenotyping_training_set/RSFB-Phenotyping_training_set/20251021_124749.jpg,179_R4S_263_Agalon_30_2,3.5,9.531473,6.031473
20251021_124906.jpg,/home/nfs/data/nvme_datasets/Pictures_CFSB_leaf_damage/RSFB-Phenotyping_training_set/RSFB-Phenotyping_training_set/20251021_124906.jpg,158_R4S_231_Campari_27_2,3.0,7.1549325,4.1549325
20251021_124913.jpg,/home/nfs/data/nvme_datasets/Pictures_CFSB_leaf_damage/RSFB-Phenotyping_training_set/RSFB-Phenotyping_training_set/20251021_124913.jpg,158_R4S_231_Campari_27_2,3.25,6.0136275,2.7636275
20251021_124920.jpg,/home/nfs/data/nvme_datasets/Pictures_CFSB_leaf_damage/RSFB-Phenotyping_training_set/RSFB-Phenotyping_training_set/20251021_124920.jpg,158_R4S_231_Campari_27_2,4.0,7.3773804,3.3773804
20251021_125141.jpg,/home/nfs/data/nvme_datasets/Pictures_CFSB_leaf_damage/RSFB-Phenotyping_training_set/RSFB-Phenotyping_training_set/20251021_125141.jpg,131_R4S_373_25629/3_22_2,4.5,6.482878,1.9828782
20251021_125148.jpg,/home/nfs/data/nvme_datasets/Pictures_CFSB_leaf_damage/RSFB-Phenotyping_training_set/RSFB-Phenotyping_training_set/20251021_125148.jpg,131_R4S_373_25629/3_22_2,2.0,7.329606,5.329606
20251021_125208.jpg,/home/nfs/data/nvme_datasets/Pictures_CFSB_leaf_damage/RSFB-Phenotyping_training_set/RSFB-Phenotyping_training_set/20251021_125208.jpg,122_R4S_246_Laser_21_2,2.25,7.4135075,5.1635075
20251021_125215.jpg,/home/nfs/data/nvme_datasets/Pictures_CFSB_leaf_damage/RSFB-Phenotyping_training_set/RSFB-Phenotyping_training_set/20251021_125215.jpg,122_R4S_246_Laser_21_2,27.5,8.115135,19.384865
20251021_125236.jpg,/home/nfs/data/nvme_datasets/Pictures_CFSB_leaf_damage/RSFB-Phenotyping_training_set/RSFB-Phenotyping_training_set/20251021_125236.jpg,119_R4S_391_Jantar_20_2,0.0,7.0658364,7.0658364
20251021_125248.jpg,/home/nfs/data/nvme_datasets/Pictures_CFSB_leaf_damage/RSFB-Phenotyping_training_set/RSFB-Phenotyping_training_set/20251021_125248.jpg,119_R4S_391_Jantar_20_2,3.0,8.676091,5.676091
20251021_125302.jpg,/home/nfs/data/nvme_datasets/Pictures_CFSB_leaf_damage/RSFB-Phenotyping_training_set/RSFB-Phenotyping_training_set/20251021_125302.jpg,110_R4S_522_Taisetsu_19_2,16.0,6.0373673,9.962633
20251021_125309.jpg,/home/nfs/data/nvme_datasets/Pictures_CFSB_leaf_damage/RSFB-Phenotyping_training_set/RSFB-Phenotyping_training_set/20251021_125309.jpg,110_R4S_522_Taisetsu_19_2,16.0,7.297431,8.702569
20251021_125317.jpg,/home/nfs/data/nvme_datasets/Pictures_CFSB_leaf_damage/RSFB-Phenotyping_training_set/RSFB-Phenotyping_training_set/20251021_125317.jpg,110_R4S_522_Taisetsu_19_2,20.0,10.662074,9.337926
20251021_125515.jpg,/home/nfs/data/nvme_datasets/Pictures_CFSB_leaf_damage/RSFB-Phenotyping_training_set/RSFB-Phenotyping_training_set/20251021_125515.jpg,86_R4S_343_Drummonds Purple Top_15_2,6.75,6.3050942,0.44490576
20251021_125523.jpg,/home/nfs/data/nvme_datasets/Pictures_CFSB_leaf_damage/RSFB-Phenotyping_training_set/RSFB-Phenotyping_training_set/20251021_125523.jpg,86_R4S_343_Drummonds Purple Top_15_2,9.0,6.378345,2.621655
20251021_125545.jpg,/home/nfs/data/nvme_datasets/Pictures_CFSB_leaf_damage/RSFB-Phenotyping_training_set/RSFB-Phenotyping_training_set/20251021_125545.jpg,83_R4S_166_NK Fair_14_2,5.25,6.906978,1.6569781
20251021_125552.jpg,/home/nfs/data/nvme_datasets/Pictures_CFSB_leaf_damage/RSFB-Phenotyping_training_set/RSFB-Phenotyping_training_set/20251021_125552.jpg,83_R4S_166_NK Fair_14_2,18.0,7.910649,10.089352
20251021_125600.jpg,/home/nfs/data/nvme_datasets/Pictures_CFSB_leaf_damage/RSFB-Phenotyping_training_set/RSFB-Phenotyping_training_set/20251021_125600.jpg,83_R4S_166_NK Fair_14_2,4.75,7.88719,3.1371899
20251021_125714.jpg,/home/nfs/data/nvme_datasets/Pictures_CFSB_leaf_damage/RSFB-Phenotyping_training_set/RSFB-Phenotyping_training_set/20251021_125714.jpg,71_R4S_169_Tenor_12_2,1.5,6.6863375,5.1863375
20251021_125721.jpg,/home/nfs/data/nvme_datasets/Pictures_CFSB_leaf_damage/RSFB-Phenotyping_training_set/RSFB-Phenotyping_training_set/20251021_125721.jpg,71_R4S_169_Tenor_12_2,4.5,7.609471,3.1094708
20251021_125737.jpg,/home/nfs/data/nvme_datasets/Pictures_CFSB_leaf_damage/RSFB-Phenotyping_training_set/RSFB-Phenotyping_training_set/20251021_125737.jpg,62_R4S_539_Smaragd_11_2,3.75,8.1487255,4.3987255
20251021_125744.jpg,/home/nfs/data/nvme_datasets/Pictures_CFSB_leaf_damage/RSFB-Phenotyping_training_set/RSFB-Phenotyping_training_set/20251021_125744.jpg,62_R4S_539_Smaragd_11_2,2.0,8.231204,6.231204
20251021_125752.jpg,/home/nfs/data/nvme_datasets/Pictures_CFSB_leaf_damage/RSFB-Phenotyping_training_set/RSFB-Phenotyping_training_set/20251021_125752.jpg,62_R4S_539_Smaragd_11_2,6.75,8.912836,2.162836
20251021_125804.jpg,/home/nfs/data/nvme_datasets/Pictures_CFSB_leaf_damage/RSFB-Phenotyping_training_set/RSFB-Phenotyping_training_set/20251021_125804.jpg,59_R4S_329_Rotabaggeue_10_2,4.25,7.3196626,3.0696626
20251021_125811.jpg,/home/nfs/data/nvme_datasets/Pictures_CFSB_leaf_damage/RSFB-Phenotyping_training_set/RSFB-Phenotyping_training_set/20251021_125811.jpg,59_R4S_329_Rotabaggeue_10_2,6.25,7.4462013,1.1962013
20251021_125907.jpg,/home/nfs/data/nvme_datasets/Pictures_CFSB_leaf_damage/RSFB-Phenotyping_training_set/RSFB-Phenotyping_training_set/20251021_125907.jpg,47_R4S_203_Flip_8_2,17.25,6.185815,11.064185
20251021_130153.jpg,/home/nfs/data/nvme_datasets/Pictures_CFSB_leaf_damage/RSFB-Phenotyping_training_set/RSFB-Phenotyping_training_set/20251021_130153.jpg,11_R4S_443_J 104_2_2,9.5,7.5437956,1.9562044
20251021_130223.jpg,/home/nfs/data/nvme_datasets/Pictures_CFSB_leaf_damage/RSFB-Phenotyping_training_set/RSFB-Phenotyping_training_set/20251021_130223.jpg,2_Smaragd_1_2,3.0,8.584487,5.584487
20251021_130231.jpg,/home/nfs/data/nvme_datasets/Pictures_CFSB_leaf_damage/RSFB-Phenotyping_training_set/RSFB-Phenotyping_training_set/20251021_130231.jpg,2_Smaragd_1_2,3.75,5.3387156,1.5887156
20251021_130310.jpg,/home/nfs/data/nvme_datasets/Pictures_CFSB_leaf_damage/RSFB-Phenotyping_training_set/RSFB-Phenotyping_training_set/20251021_130310.jpg,3_Smaragd_1_3,3.75,5.9282207,2.1782207
20251021_130316.jpg,/home/nfs/data/nvme_datasets/Pictures_CFSB_leaf_damage/RSFB-Phenotyping_training_set/RSFB-Phenotyping_training_set/20251021_130316.jpg,3_Smaragd_1_3,4.0,6.714262,2.714262
20251021_130338.jpg,/home/nfs/data/nvme_datasets/Pictures_CFSB_leaf_damage/RSFB-Phenotyping_training_set/RSFB-Phenotyping_training_set/20251021_130338.jpg,10_R4S_325_Tankard Bronye Top_2_3,14.75,9.145431,5.6045694
20251021_130410.jpg,/home/nfs/data/nvme_datasets/Pictures_CFSB_leaf_damage/RSFB-Phenotyping_training_set/RSFB-Phenotyping_training_set/20251021_130410.jpg,15_R4S_150_Montego_3_3,2.0,8.271639,6.271639
20251021_130515.jpg,/home/nfs/data/nvme_datasets/Pictures_CFSB_leaf_damage/RSFB-Phenotyping_training_set/RSFB-Phenotyping_training_set/20251021_130515.jpg,27_R4S_530_WINFRED_5_3,15.75,5.9767494,9.773251
20251021_130536.jpg,/home/nfs/data/nvme_datasets/Pictures_CFSB_leaf_damage/RSFB-Phenotyping_training_set/RSFB-Phenotyping_training_set/20251021_130536.jpg,27_R4S_530_WINFRED_5_3,1.75,4.5797844,2.8297844
20251021_130704.jpg,/home/nfs/data/nvme_datasets/Pictures_CFSB_leaf_damage/RSFB-Phenotyping_training_set/RSFB-Phenotyping_training_set/20251021_130704.jpg,51_R4S_319_Altasweet_9_3,3.5,6.737485,3.237485
20251021_130717.jpg,/home/nfs/data/nvme_datasets/Pictures_CFSB_leaf_damage/RSFB-Phenotyping_training_set/RSFB-Phenotyping_training_set/20251021_130717.jpg,51_R4S_319_Altasweet_9_3,5.5,11.285194,5.7851944
20251021_130832.jpg,/home/nfs/data/nvme_datasets/Pictures_CFSB_leaf_damage/RSFB-Phenotyping_training_set/RSFB-Phenotyping_training_set/20251021_130832.jpg,70_R4S_173_Aurum_12_3,17.5,9.85214,7.6478596
20251021_130839.jpg,/home/nfs/data/nvme_datasets/Pictures_CFSB_leaf_damage/RSFB-Phenotyping_training_set/RSFB-Phenotyping_training_set/20251021_130839.jpg,70_R4S_173_Aurum_12_3,7.5,7.5965395,0.0965395
20251021_130845.jpg,/home/nfs/data/nvme_datasets/Pictures_CFSB_leaf_damage/RSFB-Phenotyping_training_set/RSFB-Phenotyping_training_set/20251021_130845.jpg,70_R4S_173_Aurum_12_3,1.25,6.240664,4.990664
20251021_130913.jpg,/home/nfs/data/nvme_datasets/Pictures_CFSB_leaf_damage/RSFB-Phenotyping_training_set/RSFB-Phenotyping_training_set/20251021_130913.jpg,75_R4S_487_S13_13_3,2.5,8.144323,5.6443233
20251021_130920.jpg,/home/nfs/data/nvme_datasets/Pictures_CFSB_leaf_damage/RSFB-Phenotyping_training_set/RSFB-Phenotyping_training_set/20251021_130920.jpg,75_R4S_487_S13_13_3,12.5,7.176625,5.323375
20251021_131002.jpg,/home/nfs/data/nvme_datasets/Pictures_CFSB_leaf_damage/RSFB-Phenotyping_training_set/RSFB-Phenotyping_training_set/20251021_131002.jpg,87_R4S_256_Ladoga_15_3,3.75,5.856963,2.1069632
20251021_131011.jpg,/home/nfs/data/nvme_datasets/Pictures_CFSB_leaf_damage/RSFB-Phenotyping_training_set/RSFB-Phenotyping_training_set/20251021_131011.jpg,87_R4S_256_Ladoga_15_3,1.5,6.3916535,4.8916535
20251021_131019.jpg,/home/nfs/data/nvme_datasets/Pictures_CFSB_leaf_damage/RSFB-Phenotyping_training_set/RSFB-Phenotyping_training_set/20251021_131019.jpg,87_R4S_256_Ladoga_15_3,7.25,7.3348513,0.084851265
20251021_131030.jpg,/home/nfs/data/nvme_datasets/Pictures_CFSB_leaf_damage/RSFB-Phenotyping_training_set/RSFB-Phenotyping_training_set/20251021_131030.jpg,94_R4S_513_R31_16_3,5.0,8.36096,3.36096
20251021_131038.jpg,/home/nfs/data/nvme_datasets/Pictures_CFSB_leaf_damage/RSFB-Phenotyping_training_set/RSFB-Phenotyping_training_set/20251021_131038.jpg,94_R4S_513_R31_16_3,5.5,6.734086,1.234086
20251021_131138.jpg,/home/nfs/data/nvme_datasets/Pictures_CFSB_leaf_damage/RSFB-Phenotyping_training_set/RSFB-Phenotyping_training_set/20251021_131138.jpg,99_R4S_317_PIKE_17_3,3.0,8.843018,5.8430176
20251021_131146.jpg,/home/nfs/data/nvme_datasets/Pictures_CFSB_leaf_damage/RSFB-Phenotyping_training_set/RSFB-Phenotyping_training_set/20251021_131146.jpg,99_R4S_317_PIKE_17_3,5.0,10.31722,5.3172197
20251021_131339.jpg,/home/nfs/data/nvme_datasets/Pictures_CFSB_leaf_damage/RSFB-Phenotyping_training_set/RSFB-Phenotyping_training_set/20251021_131339.jpg,123_R4S_298_Bladkool_21_3,14.75,5.5541806,9.19582
20251021_131347.jpg,/home/nfs/data/nvme_datasets/Pictures_CFSB_leaf_damage/RSFB-Phenotyping_training_set/RSFB-Phenotyping_training_set/20251021_131347.jpg,123_R4S_298_Bladkool_21_3,15.25,6.503077,8.746923
20251021_131431.jpg,/home/nfs/data/nvme_datasets/Pictures_CFSB_leaf_damage/RSFB-Phenotyping_training_set/RSFB-Phenotyping_training_set/20251021_131431.jpg,135_R4S_167_Aviso_23_3,5.6,7.7178597,2.1178598
20251021_131440.jpg,/home/nfs/data/nvme_datasets/Pictures_CFSB_leaf_damage/RSFB-Phenotyping_training_set/RSFB-Phenotyping_training_set/20251021_131440.jpg,135_R4S_167_Aviso_23_3,26.5,9.480151,17.019848
20251021_131604.jpg,/home/nfs/data/nvme_datasets/Pictures_CFSB_leaf_damage/RSFB-Phenotyping_training_set/RSFB-Phenotyping_training_set/20251021_131604.jpg,154_R4S_457_H31_26_3,2.5,7.5499153,5.0499153
20251021_131610.jpg,/home/nfs/data/nvme_datasets/Pictures_CFSB_leaf_damage/RSFB-Phenotyping_training_set/RSFB-Phenotyping_training_set/20251021_131610.jpg,154_R4S_457_H31_26_3,6.0,6.4102507,0.41025066
20251021_131620.jpg,/home/nfs/data/nvme_datasets/Pictures_CFSB_leaf_damage/RSFB-Phenotyping_training_set/RSFB-Phenotyping_training_set/20251021_131620.jpg,154_R4S_457_H31_26_3,5.25,6.5330067,1.2830067
20251021_131634.jpg,/home/nfs/data/nvme_datasets/Pictures_CFSB_leaf_damage/RSFB-Phenotyping_training_set/RSFB-Phenotyping_training_set/20251021_131634.jpg,159_R4S_185_NK Passion_27_3,1.25,6.109913,4.859913
20251021_131646.jpg,/home/nfs/data/nvme_datasets/Pictures_CFSB_leaf_damage/RSFB-Phenotyping_training_set/RSFB-Phenotyping_training_set/20251021_131646.jpg,159_R4S_185_NK Passion_27_3,5.5,7.082241,1.582241
20251021_131655.jpg,/home/nfs/data/nvme_datasets/Pictures_CFSB_leaf_damage/RSFB-Phenotyping_training_set/RSFB-Phenotyping_training_set/20251021_131655.jpg,159_R4S_185_NK Passion_27_3,4.25,7.3606753,3.1106753
20251021_131752.jpg,/home/nfs/data/nvme_datasets/Pictures_CFSB_leaf_damage/RSFB-Phenotyping_training_set/RSFB-Phenotyping_training_set/20251021_131752.jpg,171_R4S_534_WINFRED_29_3,1.25,6.002279,4.752279
20251021_131803.jpg,/home/nfs/data/nvme_datasets/Pictures_CFSB_leaf_damage/RSFB-Phenotyping_training_set/RSFB-Phenotyping_training_set/20251021_131803.jpg,171_R4S_534_WINFRED_29_3,2.25,5.548023,3.2980232
20251021_131840.jpg,/home/nfs/data/nvme_datasets/Pictures_CFSB_leaf_damage/RSFB-Phenotyping_training_set/RSFB-Phenotyping_training_set/20251021_131840.jpg,178_R4S_399_Reszn/Goe H226_30_3,6.0,6.4672275,0.46722746
20251021_131905.jpg,/home/nfs/data/nvme_datasets/Pictures_CFSB_leaf_damage/RSFB-Phenotyping_training_set/RSFB-Phenotyping_training_set/20251021_131905.jpg,183_R4S_254_Capitol_31_3,6.25,6.3896103,0.13961029
20251021_131948.jpg,/home/nfs/data/nvme_datasets/Pictures_CFSB_leaf_damage/RSFB-Phenotyping_training_set/RSFB-Phenotyping_training_set/20251021_131948.jpg,190_R4S_357_E94197_32_3,8.0,7.934589,0.06541109
20251021_131954.jpg,/home/nfs/data/nvme_datasets/Pictures_CFSB_leaf_damage/RSFB-Phenotyping_training_set/RSFB-Phenotyping_training_set/20251021_131954.jpg,190_R4S_357_E94197_32_3,3.0,5.1116247,2.1116247
20251021_132110.jpg,/home/nfs/data/nvme_datasets/Pictures_CFSB_leaf_damage/RSFB-Phenotyping_training_set/RSFB-Phenotyping_training_set/20251021_132110.jpg,207_R4S_541_Smaragd_35_3,4.5,6.709503,2.2095032
20251021_132117.jpg,/home/nfs/data/nvme_datasets/Pictures_CFSB_leaf_damage/RSFB-Phenotyping_training_set/RSFB-Phenotyping_training_set/20251021_132117.jpg,207_R4S_541_Smaragd_35_3,4.25,8.787794,4.537794
20251021_132124.jpg,/home/nfs/data/nvme_datasets/Pictures_CFSB_leaf_damage/RSFB-Phenotyping_training_set/RSFB-Phenotyping_training_set/20251021_132124.jpg,207_R4S_541_Smaragd_35_3,5.25,6.5612345,1.3112345
20251021_132147.jpg,/home/nfs/data/nvme_datasets/Pictures_CFSB_leaf_damage/RSFB-Phenotyping_training_set/RSFB-Phenotyping_training_set/20251021_132147.jpg,214_R4S_270_Ceres_36_3,6.5,6.619313,0.11931276
20251021_132153.jpg,/home/nfs/data/nvme_datasets/Pictures_CFSB_leaf_damage/RSFB-Phenotyping_training_set/RSFB-Phenotyping_training_set/20251021_132153.jpg,214_R4S_270_Ceres_36_3,5.25,5.8498406,0.59984064
20251021_132334.jpg,/home/nfs/data/nvme_datasets/Pictures_CFSB_leaf_damage/RSFB-Phenotyping_training_set/RSFB-Phenotyping_training_set/20251021_132334.jpg,231_R4S_405_L239_39_3,7.0,8.844035,1.8440351
20251021_132355.jpg,/home/nfs/data/nvme_datasets/Pictures_CFSB_leaf_damage/RSFB-Phenotyping_training_set/RSFB-Phenotyping_training_set/20251021_132355.jpg,231_R4S_405_L239_39_3,8.25,11.516607,3.2666073
20251021_132417.jpg,/home/nfs/data/nvme_datasets/Pictures_CFSB_leaf_damage/RSFB-Phenotyping_training_set/RSFB-Phenotyping_training_set/20251021_132417.jpg,238_R4S_162_Recital_40_3,9.75,5.947792,3.802208
20251021_132437.jpg,/home/nfs/data/nvme_datasets/Pictures_CFSB_leaf_damage/RSFB-Phenotyping_training_set/RSFB-Phenotyping_training_set/20251021_132437.jpg,243_R4S_515_R31_41_3,5.75,5.460643,0.2893572
20251021_132444.jpg,/home/nfs/data/nvme_datasets/Pictures_CFSB_leaf_damage/RSFB-Phenotyping_training_set/RSFB-Phenotyping_training_set/20251021_132444.jpg,243_R4S_515_R31_41_3,1.5,5.3292594,3.8292594
20251021_132506.jpg,/home/nfs/data/nvme_datasets/Pictures_CFSB_leaf_damage/RSFB-Phenotyping_training_set/RSFB-Phenotyping_training_set/20251021_132506.jpg,250_R4S_299_Liragruen_42_3,2.5,7.562836,5.062836
20251021_132518.jpg,/home/nfs/data/nvme_datasets/Pictures_CFSB_leaf_damage/RSFB-Phenotyping_training_set/RSFB-Phenotyping_training_set/20251021_132518.jpg,250_R4S_299_Liragruen_42_3,5.0,5.288004,0.28800392
20251021_132528.jpg,/home/nfs/data/nvme_datasets/Pictures_CFSB_leaf_damage/RSFB-Phenotyping_training_set/RSFB-Phenotyping_training_set/20251021_132528.jpg,250_R4S_299_Liragruen_42_3,11.75,9.075497,2.6745033
20251021_132559.jpg,/home/nfs/data/nvme_datasets/Pictures_CFSB_leaf_damage/RSFB-Phenotyping_training_set/RSFB-Phenotyping_training_set/20251021_132559.jpg,255_R4S_226_Lilian_43_3,14.5,6.982687,7.517313
20251021_132633.jpg,/home/nfs/data/nvme_datasets/Pictures_CFSB_leaf_damage/RSFB-Phenotyping_training_set/RSFB-Phenotyping_training_set/20251021_132633.jpg,262_R4S_234_Yephir_44_3,0.5,6.778716,6.278716
20251021_132705.jpg,/home/nfs/data/nvme_datasets/Pictures_CFSB_leaf_damage/RSFB-Phenotyping_training_set/RSFB-Phenotyping_training_set/20251021_132705.jpg,267_R4S_290_Trebicska_45_3,8.0,5.9494824,2.0505176
20251021_132724.jpg,/home/nfs/data/nvme_datasets/Pictures_CFSB_leaf_damage/RSFB-Phenotyping_training_set/RSFB-Phenotyping_training_set/20251021_132724.jpg,274_R4S_163_Magnum_46_3,4.0,8.21377,4.21377
20251021_132731.jpg,/home/nfs/data/nvme_datasets/Pictures_CFSB_leaf_damage/RSFB-Phenotyping_training_set/RSFB-Phenotyping_training_set/20251021_132731.jpg,274_R4S_163_Magnum_46_3,8.0,8.035993,0.035992622
20251021_132738.jpg,/home/nfs/data/nvme_datasets/Pictures_CFSB_leaf_damage/RSFB-Phenotyping_training_set/RSFB-Phenotyping_training_set/20251021_132738.jpg,274_R4S_163_Magnum_46_3,7.0,9.679346,2.679346
20251021_132808.jpg,/home/nfs/data/nvme_datasets/Pictures_CFSB_leaf_damage/RSFB-Phenotyping_training_set/RSFB-Phenotyping_training_set/20251021_132808.jpg,279_R4S_542_Smaragd_47_3,2.25,7.3160596,5.0660596
20251021_132821.jpg,/home/nfs/data/nvme_datasets/Pictures_CFSB_leaf_damage/RSFB-Phenotyping_training_set/RSFB-Phenotyping_training_set/20251021_132821.jpg,286_R4S_262_Lord_48_3,5.25,7.844524,2.594524
20251021_132829.jpg,/home/nfs/data/nvme_datasets/Pictures_CFSB_leaf_damage/RSFB-Phenotyping_training_set/RSFB-Phenotyping_training_set/20251021_132829.jpg,286_R4S_262_Lord_48_3,10.0,5.89359,4.10641
20251021_132836.jpg,/home/nfs/data/nvme_datasets/Pictures_CFSB_leaf_damage/RSFB-Phenotyping_training_set/RSFB-Phenotyping_training_set/20251021_132836.jpg,286_R4S_262_Lord_48_3,7.5,6.7737937,0.7262063
20251021_132849.jpg,/home/nfs/data/nvme_datasets/Pictures_CFSB_leaf_damage/RSFB-Phenotyping_training_set/RSFB-Phenotyping_training_set/20251021_132849.jpg,291_R4S_362_BRAUNER SCHNITTKOHL_49_3,15.5,7.2221904,8.277809
20251021_133005.jpg,/home/nfs/data/nvme_datasets/Pictures_CFSB_leaf_damage/RSFB-Phenotyping_training_set/RSFB-Phenotyping_training_set/20251021_133005.jpg,303_R4S_301_Parapluie_51_3,24.5,6.1528215,18.34718
20251021_133035.jpg,/home/nfs/data/nvme_datasets/Pictures_CFSB_leaf_damage/RSFB-Phenotyping_training_set/RSFB-Phenotyping_training_set/20251021_133035.jpg,310_Smaragd_52_3,15.75,5.3355093,10.414491
20251021_151358.jpg,/home/nfs/data/nvme_datasets/Pictures_CFSB_leaf_damage/RSFB-Phenotyping_training_set/RSFB-Phenotyping_training_set/20251021_151358.jpg,4_Smaragd_1_4,23.0,8.382034,14.617966
20251021_151403.jpg,/home/nfs/data/nvme_datasets/Pictures_CFSB_leaf_damage/RSFB-Phenotyping_training_set/RSFB-Phenotyping_training_set/20251021_151403.jpg,4_Smaragd_1_4,5.25,7.227353,1.9773531
20251021_151409.jpg,/home/nfs/data/nvme_datasets/Pictures_CFSB_leaf_damage/RSFB-Phenotyping_training_set/RSFB-Phenotyping_training_set/20251021_151409.jpg,4_Smaragd_1_4,7.25,7.20131,0.048689842
20251021_151512.jpg,/home/nfs/data/nvme_datasets/Pictures_CFSB_leaf_damage/RSFB-Phenotyping_training_set/RSFB-Phenotyping_training_set/20251021_151512.jpg,16_R4S_459_S14_3_4,6.5,4.756096,1.7439041
20251021_151523.jpg,/home/nfs/data/nvme_datasets/Pictures_CFSB_leaf_damage/RSFB-Phenotyping_training_set/RSFB-Phenotyping_training_set/20251021_151523.jpg,16_R4S_459_S14_3_4,3.75,4.8217826,1.0717826
20251021_151533.jpg,/home/nfs/data/nvme_datasets/Pictures_CFSB_leaf_damage/RSFB-Phenotyping_training_set/RSFB-Phenotyping_training_set/20251021_151533.jpg,21_R4S_278_Libritta_4_4,1.5,4.569621,3.069621
20251021_151540.jpg,/home/nfs/data/nvme_datasets/Pictures_CFSB_leaf_damage/RSFB-Phenotyping_training_set/RSFB-Phenotyping_training_set/20251021_151540.jpg,21_R4S_278_Libritta_4_4,3.75,5.713202,1.963202
20251021_151548.jpg,/home/nfs/data/nvme_datasets/Pictures_CFSB_leaf_damage/RSFB-Phenotyping_training_set/RSFB-Phenotyping_training_set/20251021_151548.jpg,21_R4S_278_Libritta_4_4,2.25,5.7183237,3.4683237
20251021_151602.jpg,/home/nfs/data/nvme_datasets/Pictures_CFSB_leaf_damage/RSFB-Phenotyping_training_set/RSFB-Phenotyping_training_set/20251021_151602.jpg,28_R4S_348_Wilhelmsburger_5_4,2.75,4.919515,2.1695151
20251021_151613.jpg,/home/nfs/data/nvme_datasets/Pictures_CFSB_leaf_damage/RSFB-Phenotyping_training_set/RSFB-Phenotyping_training_set/20251021_151613.jpg,28_R4S_348_Wilhelmsburger_5_4,7.25,7.438682,0.18868208
20251021_151621.jpg,/home/nfs/data/nvme_datasets/Pictures_CFSB_leaf_damage/RSFB-Phenotyping_training_set/RSFB-Phenotyping_training_set/20251021_151621.jpg,28_R4S_348_Wilhelmsburger_5_4,15.75,7.555877,8.194122
20251021_151633.jpg,/home/nfs/data/nvme_datasets/Pictures_CFSB_leaf_damage/RSFB-Phenotyping_training_set/RSFB-Phenotyping_training_set/20251021_151633.jpg,33_R4S_281_Madora_6_4,8.0,5.6009526,2.3990474
20251021_151731.jpg,/home/nfs/data/nvme_datasets/Pictures_CFSB_leaf_damage/RSFB-Phenotyping_training_set/RSFB-Phenotyping_training_set/20251021_151731.jpg,45_R4S_531_WINFRED_8_4,3.25,6.1160073,2.8660073
20251021_151741.jpg,/home/nfs/data/nvme_datasets/Pictures_CFSB_leaf_damage/RSFB-Phenotyping_training_set/RSFB-Phenotyping_training_set/20251021_151741.jpg,45_R4S_531_WINFRED_8_4,1.75,6.946062,5.196062
20251021_151843.jpg,/home/nfs/data/nvme_datasets/Pictures_CFSB_leaf_damage/RSFB-Phenotyping_training_set/RSFB-Phenotyping_training_set/20251021_151843.jpg,57_R4S_380_Sarepta_10_4,28.0,9.061803,18.938198
20251021_152015.jpg,/home/nfs/data/nvme_datasets/Pictures_CFSB_leaf_damage/RSFB-Phenotyping_training_set/RSFB-Phenotyping_training_set/20251021_152015.jpg,76_R4S_152_Missouri_13_4,7.0,6.3120255,0.68797445
20251021_152143.jpg,/home/nfs/data/nvme_datasets/Pictures_CFSB_leaf_damage/RSFB-Phenotyping_training_set/RSFB-Phenotyping_training_set/20251021_152143.jpg,93_R4S_502_LG Aviron_16_4,1.75,7.5283437,5.7783437
20251021_152150.jpg,/home/nfs/data/nvme_datasets/Pictures_CFSB_leaf_damage/RSFB-Phenotyping_training_set/RSFB-Phenotyping_training_set/20251021_152150.jpg,93_R4S_502_LG Aviron_16_4,2.5,9.265688,6.765688
20251021_152247.jpg,/home/nfs/data/nvme_datasets/Pictures_CFSB_leaf_damage/RSFB-Phenotyping_training_set/RSFB-Phenotyping_training_set/20251021_152247.jpg,105_R4S_183_Prince_18_4,6.5,8.309755,1.8097553
20251021_152253.jpg,/home/nfs/data/nvme_datasets/Pictures_CFSB_leaf_damage/RSFB-Phenotyping_training_set/RSFB-Phenotyping_training_set/20251021_152253.jpg,105_R4S_183_Prince_18_4,8.0,6.440642,1.5593581
20251021_152436.jpg,/home/nfs/data/nvme_datasets/Pictures_CFSB_leaf_damage/RSFB-Phenotyping_training_set/RSFB-Phenotyping_training_set/20251021_152436.jpg,124_R4S_372_CANARD_21_4,22.25,6.331221,15.918779
20251021_152452.jpg,/home/nfs/data/nvme_datasets/Pictures_CFSB_leaf_damage/RSFB-Phenotyping_training_set/RSFB-Phenotyping_training_set/20251021_152452.jpg,129_R4S_540_Smaragd_22_4,4.25,5.4420958,1.1920958
20251021_152505.jpg,/home/nfs/data/nvme_datasets/Pictures_CFSB_leaf_damage/RSFB-Phenotyping_training_set/RSFB-Phenotyping_training_set/20251021_152505.jpg,129_R4S_540_Smaragd_22_4,3.4,7.419328,4.019328
20251021_152521.jpg,/home/nfs/data/nvme_datasets/Pictures_CFSB_leaf_damage/RSFB-Phenotyping_training_set/RSFB-Phenotyping_training_set/20251021_152521.jpg,136_R4S_500_LG Atlas_23_4,1.6,8.094649,6.4946494
20251021_152528.jpg,/home/nfs/data/nvme_datasets/Pictures_CFSB_leaf_damage/RSFB-Phenotyping_training_set/RSFB-Phenotyping_training_set/20251021_152528.jpg,136_R4S_500_LG Atlas_23_4,2.75,5.9433975,3.1933975
20251021_152601.jpg,/home/nfs/data/nvme_datasets/Pictures_CFSB_leaf_damage/RSFB-Phenotyping_training_set/RSFB-Phenotyping_training_set/20251021_152601.jpg,141_R4S_448_K160.1.1_24_4,15.75,8.777821,6.9721794
20251021_152612.jpg,/home/nfs/data/nvme_datasets/Pictures_CFSB_leaf_damage/RSFB-Phenotyping_training_set/RSFB-Phenotyping_training_set/20251021_152612.jpg,141_R4S_448_K160.1.1_24_4,7.25,6.9803095,0.2696905
20251021_152802.jpg,/home/nfs/data/nvme_datasets/Pictures_CFSB_leaf_damage/RSFB-Phenotyping_training_set/RSFB-Phenotyping_training_set/20251021_152802.jpg,165_R4S_346_Angus_28_4,2.5,6.198814,3.698814
20251021_152809.jpg,/home/nfs/data/nvme_datasets/Pictures_CFSB_leaf_damage/RSFB-Phenotyping_training_set/RSFB-Phenotyping_training_set/20251021_152809.jpg,165_R4S_346_Angus_28_4,2.75,4.5246353,1.7746353
20251021_153203.jpg,/home/nfs/data/nvme_datasets/Pictures_CFSB_leaf_damage/RSFB-Phenotyping_training_set/RSFB-Phenotyping_training_set/20251021_153203.jpg,213_R4S_237_Loreny_36_4,3.0,7.402485,4.402485
20251021_153216.jpg,/home/nfs/data/nvme_datasets/Pictures_CFSB_leaf_damage/RSFB-Phenotyping_training_set/RSFB-Phenotyping_training_set/20251021_153216.jpg,220_R4S_497_R4S_NPY1_37_4,3.25,5.215792,1.9657922
20251021_153234.jpg,/home/nfs/data/nvme_datasets/Pictures_CFSB_leaf_damage/RSFB-Phenotyping_training_set/RSFB-Phenotyping_training_set/20251021_153234.jpg,220_R4S_497_R4S_NPY1_37_4,4.5,5.8507667,1.3507667
20251021_153336.jpg,/home/nfs/data/nvme_datasets/Pictures_CFSB_leaf_damage/RSFB-Phenotyping_training_set/RSFB-Phenotyping_training_set/20251021_153336.jpg,232_R4S_238_Viking_39_4,18.5,7.551376,10.948624
20251021_153346.jpg,/home/nfs/data/nvme_datasets/Pictures_CFSB_leaf_damage/RSFB-Phenotyping_training_set/RSFB-Phenotyping_training_set/20251021_153346.jpg,237_R4S_334_Sator Oetofte_40_4,3.5,7.520946,4.020946
20251021_153356.jpg,/home/nfs/data/nvme_datasets/Pictures_CFSB_leaf_damage/RSFB-Phenotyping_training_set/RSFB-Phenotyping_training_set/20251021_153356.jpg,237_R4S_334_Sator Oetofte_40_4,7.75,7.681522,0.06847811
20251021_153545.jpg,/home/nfs/data/nvme_datasets/Pictures_CFSB_leaf_damage/RSFB-Phenotyping_training_set/RSFB-Phenotyping_training_set/20251021_153545.jpg,261_R4S_227_Wotan_44_4,5.0,4.8584948,0.14150524
20251021_153554.jpg,/home/nfs/data/nvme_datasets/Pictures_CFSB_leaf_damage/RSFB-Phenotyping_training_set/RSFB-Phenotyping_training_set/20251021_153554.jpg,261_R4S_227_Wotan_44_4,2.5,5.1497164,2.6497164
20251021_153602.jpg,/home/nfs/data/nvme_datasets/Pictures_CFSB_leaf_damage/RSFB-Phenotyping_training_set/RSFB-Phenotyping_training_set/20251021_153602.jpg,261_R4S_227_Wotan_44_4,2.0,8.1095,6.1095
20251021_153843.jpg,/home/nfs/data/nvme_datasets/Pictures_CFSB_leaf_damage/RSFB-Phenotyping_training_set/RSFB-Phenotyping_training_set/20251021_153843.jpg,292_R4S_485_K29_49_4,5.0,7.177599,2.177599
20251021_154210.jpg,/home/nfs/data/nvme_datasets/Pictures_CFSB_leaf_damage/RSFB-Phenotyping_training_set/RSFB-Phenotyping_training_set/20251021_154210.jpg,293_R4S_222_HANSEN X GASPARD DH LINE_49_5,11.5,5.700564,5.799436
20251021_154223.jpg,/home/nfs/data/nvme_datasets/Pictures_CFSB_leaf_damage/RSFB-Phenotyping_training_set/RSFB-Phenotyping_training_set/20251021_154223.jpg,293_R4S_222_HANSEN X GASPARD DH LINE_49_5,11.25,7.761644,3.488356
20251021_154307.jpg,/home/nfs/data/nvme_datasets/Pictures_CFSB_leaf_damage/RSFB-Phenotyping_training_set/RSFB-Phenotyping_training_set/20251021_154307.jpg,281_R4S_202_Mohican_47_5,7.5,5.9350667,1.5649333
20251021_154331.jpg,/home/nfs/data/nvme_datasets/Pictures_CFSB_leaf_damage/RSFB-Phenotyping_training_set/RSFB-Phenotyping_training_set/20251021_154331.jpg,272_R4S_533_WINFRED_46_5,2.25,4.6802726,2.4302726
20251021_154338.jpg,/home/nfs/data/nvme_datasets/Pictures_CFSB_leaf_damage/RSFB-Phenotyping_training_set/RSFB-Phenotyping_training_set/20251021_154338.jpg,272_R4S_533_WINFRED_46_5,2.5,4.728984,2.2289839
20251021_154345.jpg,/home/nfs/data/nvme_datasets/Pictures_CFSB_leaf_damage/RSFB-Phenotyping_training_set/RSFB-Phenotyping_training_set/20251021_154345.jpg,272_R4S_533_WINFRED_46_5,2.0,4.895911,2.8959112
20251021_154359.jpg,/home/nfs/data/nvme_datasets/Pictures_CFSB_leaf_damage/RSFB-Phenotyping_training_set/RSFB-Phenotyping_training_set/20251021_154359.jpg,269_R4S_235_Nugget_45_5,5.25,6.7555895,1.5055895
20251021_154406.jpg,/home/nfs/data/nvme_datasets/Pictures_CFSB_leaf_damage/RSFB-Phenotyping_training_set/RSFB-Phenotyping_training_set/20251021_154406.jpg,269_R4S_235_Nugget_45_5,2.0,9.035286,7.035286
20251021_154414.jpg,/home/nfs/data/nvme_datasets/Pictures_CFSB_leaf_damage/RSFB-Phenotyping_training_set/RSFB-Phenotyping_training_set/20251021_154414.jpg,269_R4S_235_Nugget_45_5,3.25,8.167837,4.917837
20251021_154427.jpg,/home/nfs/data/nvme_datasets/Pictures_CFSB_leaf_damage/RSFB-Phenotyping_training_set/RSFB-Phenotyping_training_set/20251021_154427.jpg,260_R4S_449_G50_44_5,6.5,5.5835443,0.91645575
20251021_154436.jpg,/home/nfs/data/nvme_datasets/Pictures_CFSB_leaf_damage/RSFB-Phenotyping_training_set/RSFB-Phenotyping_training_set/20251021_154436.jpg,260_R4S_449_G50_44_5,2.5,5.474907,2.974907
20251021_154443.jpg,/home/nfs/data/nvme_datasets/Pictures_CFSB_leaf_damage/RSFB-Phenotyping_training_set/RSFB-Phenotyping_training_set/20251021_154443.jpg,260_R4S_449_G50_44_5,3.75,7.0799165,3.3299165
20251021_154614.jpg,/home/nfs/data/nvme_datasets/Pictures_CFSB_leaf_damage/RSFB-Phenotyping_training_set/RSFB-Phenotyping_training_set/20251021_154614.jpg,236_R4S_230_Caramba_40_5,4.25,6.102266,1.8522658
20251021_154628.jpg,/home/nfs/data/nvme_datasets/Pictures_CFSB_leaf_damage/RSFB-Phenotyping_training_set/RSFB-Phenotyping_training_set/20251021_154628.jpg,236_R4S_230_Caramba_40_5,20.0,6.1542807,13.845719
20251021_154716.jpg,/home/nfs/data/nvme_datasets/Pictures_CFSB_leaf_damage/RSFB-Phenotyping_training_set/RSFB-Phenotyping_training_set/20251021_154716.jpg,224_R4S_245_Roxet_38_5,5.25,6.691159,1.4411588
20251021_154722.jpg,/home/nfs/data/nvme_datasets/Pictures_CFSB_leaf_damage/RSFB-Phenotyping_training_set/RSFB-Phenotyping_training_set/20251021_154722.jpg,224_R4S_245_Roxet_38_5,2.25,7.072992,4.822992
20251021_154753.jpg,/home/nfs/data/nvme_datasets/Pictures_CFSB_leaf_damage/RSFB-Phenotyping_training_set/RSFB-Phenotyping_training_set/20251021_154753.jpg,221_R4S_466_L90_37_5,3.5,7.532487,4.032487
20251021_154954.jpg,/home/nfs/data/nvme_datasets/Pictures_CFSB_leaf_damage/RSFB-Phenotyping_training_set/RSFB-Phenotyping_training_set/20251021_154954.jpg,212_R4S_274_Guelyower Oelquell_36_5,2.5,7.4829826,4.9829826
20251021_155035.jpg,/home/nfs/data/nvme_datasets/Pictures_CFSB_leaf_damage/RSFB-Phenotyping_training_set/RSFB-Phenotyping_training_set/20251021_155035.jpg,209_R4S_219_Lesira_35_5,3.5,7.533446,4.033446
20251021_155044.jpg,/home/nfs/data/nvme_datasets/Pictures_CFSB_leaf_damage/RSFB-Phenotyping_training_set/RSFB-Phenotyping_training_set/20251021_155044.jpg,209_R4S_219_Lesira_35_5,3.0,5.3272724,2.3272724
20251021_155111.jpg,/home/nfs/data/nvme_datasets/Pictures_CFSB_leaf_damage/RSFB-Phenotyping_training_set/RSFB-Phenotyping_training_set/20251021_155111.jpg,200_R4S_313_FORTIN FAMILZ_34_5,5.75,4.232632,1.5173678
20251021_155130.jpg,/home/nfs/data/nvme_datasets/Pictures_CFSB_leaf_damage/RSFB-Phenotyping_training_set/RSFB-Phenotyping_training_set/20251021_155130.jpg,197_R4S_371_MOANA MOANA RAPE_33_5,2.25,6.1966734,3.9466734
20251021_155218.jpg,/home/nfs/data/nvme_datasets/Pictures_CFSB_leaf_damage/RSFB-Phenotyping_training_set/RSFB-Phenotyping_training_set/20251021_155218.jpg,188_R4S_322_Essex Model_32_5,0.5,6.255509,5.755509
20251021_155308.jpg,/home/nfs/data/nvme_datasets/Pictures_CFSB_leaf_damage/RSFB-Phenotyping_training_set/RSFB-Phenotyping_training_set/20251021_155308.jpg,176_R4S_164_Fortis_30_5,0.75,4.53056,3.78056
20251021_155331.jpg,/home/nfs/data/nvme_datasets/Pictures_CFSB_leaf_damage/RSFB-Phenotyping_training_set/RSFB-Phenotyping_training_set/20251021_155331.jpg,173_R4S_396_Diamant_29_5,6.0,8.090196,2.0901957
20251021_155340.jpg,/home/nfs/data/nvme_datasets/Pictures_CFSB_leaf_damage/RSFB-Phenotyping_training_set/RSFB-Phenotyping_training_set/20251021_155340.jpg,173_R4S_396_Diamant_29_5,4.0,4.7790556,0.7790556
20251021_155347.jpg,/home/nfs/data/nvme_datasets/Pictures_CFSB_leaf_damage/RSFB-Phenotyping_training_set/RSFB-Phenotyping_training_set/20251021_155347.jpg,173_R4S_396_Diamant_29_5,9.75,6.106246,3.643754
20251021_155431.jpg,/home/nfs/data/nvme_datasets/Pictures_CFSB_leaf_damage/RSFB-Phenotyping_training_set/RSFB-Phenotyping_training_set/20251021_155431.jpg,161_R4S_247_Madrigal_27_5,1.0,8.041779,7.0417786
20251021_155437.jpg,/home/nfs/data/nvme_datasets/Pictures_CFSB_leaf_damage/RSFB-Phenotyping_training_set/RSFB-Phenotyping_training_set/20251021_155437.jpg,161_R4S_247_Madrigal_27_5,4.75,5.1879315,0.43793154
20251021_155444.jpg,/home/nfs/data/nvme_datasets/Pictures_CFSB_leaf_damage/RSFB-Phenotyping_training_set/RSFB-Phenotyping_training_set/20251021_155444.jpg,161_R4S_247_Madrigal_27_5,8.75,5.6071835,3.1428165
20251021_155505.jpg,/home/nfs/data/nvme_datasets/Pictures_CFSB_leaf_damage/RSFB-Phenotyping_training_set/RSFB-Phenotyping_training_set/20251021_155505.jpg,152_R4S_182_Pollen_26_5,3.75,4.45426,0.7042599
20251021_155512.jpg,/home/nfs/data/nvme_datasets/Pictures_CFSB_leaf_damage/RSFB-Phenotyping_training_set/RSFB-Phenotyping_training_set/20251021_155512.jpg,152_R4S_182_Pollen_26_5,8.0,6.8058186,1.1941814
20251021_155525.jpg,/home/nfs/data/nvme_datasets/Pictures_CFSB_leaf_damage/RSFB-Phenotyping_training_set/RSFB-Phenotyping_training_set/20251021_155525.jpg,149_R4S_548_ALLESANDRO KWS_25_5,1.5,6.9273868,5.4273868
20251021_155534.jpg,/home/nfs/data/nvme_datasets/Pictures_CFSB_leaf_damage/RSFB-Phenotyping_training_set/RSFB-Phenotyping_training_set/20251021_155534.jpg,149_R4S_548_ALLESANDRO KWS_25_5,18.75,8.065473,10.684527
20251021_155541.jpg,/home/nfs/data/nvme_datasets/Pictures_CFSB_leaf_damage/RSFB-Phenotyping_training_set/RSFB-Phenotyping_training_set/20251021_155541.jpg,149_R4S_548_ALLESANDRO KWS_25_5,11.5,6.0553365,5.4446635
20251021_155556.jpg,/home/nfs/data/nvme_datasets/Pictures_CFSB_leaf_damage/RSFB-Phenotyping_training_set/RSFB-Phenotyping_training_set/20251021_155556.jpg,140_R4S_244_NK Bravour_24_5,9.0,7.332149,1.667851
20251021_155606.jpg,/home/nfs/data/nvme_datasets/Pictures_CFSB_leaf_damage/RSFB-Phenotyping_training_set/RSFB-Phenotyping_training_set/20251021_155606.jpg,140_R4S_244_NK Bravour_24_5,13.5,5.249227,8.250772
20251021_155624.jpg,/home/nfs/data/nvme_datasets/Pictures_CFSB_leaf_damage/RSFB-Phenotyping_training_set/RSFB-Phenotyping_training_set/20251021_155624.jpg,137_R4S_460_K53_23_5,10.0,5.097974,4.902026
20251021_155632.jpg,/home/nfs/data/nvme_datasets/Pictures_CFSB_leaf_damage/RSFB-Phenotyping_training_set/RSFB-Phenotyping_training_set/20251021_155632.jpg,137_R4S_460_K53_23_5,0.0,6.581416,6.581416
20251021_155643.jpg,/home/nfs/data/nvme_datasets/Pictures_CFSB_leaf_damage/RSFB-Phenotyping_training_set/RSFB-Phenotyping_training_set/20251021_155643.jpg,137_R4S_460_K53_23_5,11.5,7.122878,4.377122
20251021_155659.jpg,/home/nfs/data/nvme_datasets/Pictures_CFSB_leaf_damage/RSFB-Phenotyping_training_set/RSFB-Phenotyping_training_set/20251021_155659.jpg,128_R4S_194_LEMBKES MALCHOWER *LENORA(_22_5,12.5,5.5370116,6.9629884
20251021_155710.jpg,/home/nfs/data/nvme_datasets/Pictures_CFSB_leaf_damage/RSFB-Phenotyping_training_set/RSFB-Phenotyping_training_set/20251021_155710.jpg,128_R4S_194_LEMBKES MALCHOWER *LENORA(_22_5,18.25,5.949405,12.300594
20251021_155718.jpg,/home/nfs/data/nvme_datasets/Pictures_CFSB_leaf_damage/RSFB-Phenotyping_training_set/RSFB-Phenotyping_training_set/20251021_155718.jpg,128_R4S_194_LEMBKES MALCHOWER *LENORA(_22_5,9.5,6.8531632,2.6468368
20251021_155758.jpg,/home/nfs/data/nvme_datasets/Pictures_CFSB_leaf_damage/RSFB-Phenotyping_training_set/RSFB-Phenotyping_training_set/20251021_155758.jpg,116_R4S_452_G56_20_5,0.0,7.4182673,7.4182673
20251021_155811.jpg,/home/nfs/data/nvme_datasets/Pictures_CFSB_leaf_damage/RSFB-Phenotyping_training_set/RSFB-Phenotyping_training_set/20251021_155811.jpg,116_R4S_452_G56_20_5,14.1,6.9612927,7.1387076
20251021_155956.jpg,/home/nfs/data/nvme_datasets/Pictures_CFSB_leaf_damage/RSFB-Phenotyping_training_set/RSFB-Phenotyping_training_set/20251021_155956.jpg,92_R4S_316_BRONYE TOP_16_5,10.5,6.1506495,4.3493505
20251021_160041.jpg,/home/nfs/data/nvme_datasets/Pictures_CFSB_leaf_damage/RSFB-Phenotyping_training_set/RSFB-Phenotyping_training_set/20251021_160041.jpg,80_R4S_512_R31_14_5,17.0,5.1613693,11.838631
20251021_160055.jpg,/home/nfs/data/nvme_datasets/Pictures_CFSB_leaf_damage/RSFB-Phenotyping_training_set/RSFB-Phenotyping_training_set/20251021_160055.jpg,80_R4S_512_R31_14_5,20.25,6.9844646,13.265535
20251021_160233.jpg,/home/nfs/data/nvme_datasets/Pictures_CFSB_leaf_damage/RSFB-Phenotyping_training_set/RSFB-Phenotyping_training_set/20251021_160233.jpg,56_R4S_501_LG Avenger_10_5,1.75,6.1128182,4.3628182
20251021_160240.jpg,/home/nfs/data/nvme_datasets/Pictures_CFSB_leaf_damage/RSFB-Phenotyping_training_set/RSFB-Phenotyping_training_set/20251021_160240.jpg,56_R4S_501_LG Avenger_10_5,3.75,4.102309,0.35230923
20251021_160328.jpg,/home/nfs/data/nvme_datasets/Pictures_CFSB_leaf_damage/RSFB-Phenotyping_training_set/RSFB-Phenotyping_training_set/20251021_160328.jpg,44_R4S_217_JANETYKIS SCHLESISCHER_8_5,7.75,5.767106,1.982894
20251021_160336.jpg,/home/nfs/data/nvme_datasets/Pictures_CFSB_leaf_damage/RSFB-Phenotyping_training_set/RSFB-Phenotyping_training_set/20251021_160336.jpg,44_R4S_217_JANETYKIS SCHLESISCHER_8_5,5.5,4.436044,1.0639558
20251021_160342.jpg,/home/nfs/data/nvme_datasets/Pictures_CFSB_leaf_damage/RSFB-Phenotyping_training_set/RSFB-Phenotyping_training_set/20251021_160342.jpg,44_R4S_217_JANETYKIS SCHLESISCHER_8_5,8.75,4.9745774,3.7754226
20251021_160412.jpg,/home/nfs/data/nvme_datasets/Pictures_CFSB_leaf_damage/RSFB-Phenotyping_training_set/RSFB-Phenotyping_training_set/20251021_160412.jpg,41_R4S_294_R53_7_5,7.0,8.600942,1.6009417
20251021_160424.jpg,/home/nfs/data/nvme_datasets/Pictures_CFSB_leaf_damage/RSFB-Phenotyping_training_set/RSFB-Phenotyping_training_set/20251021_160424.jpg,32_R4S_240_Musette_6_5,5.0,5.5503855,0.5503855
20251021_160431.jpg,/home/nfs/data/nvme_datasets/Pictures_CFSB_leaf_damage/RSFB-Phenotyping_training_set/RSFB-Phenotyping_training_set/20251021_160431.jpg,32_R4S_240_Musette_6_5,2.75,4.9424305,2.1924305
20251021_160438.jpg,/home/nfs/data/nvme_datasets/Pictures_CFSB_leaf_damage/RSFB-Phenotyping_training_set/RSFB-Phenotyping_training_set/20251021_160438.jpg,32_R4S_240_Musette_6_5,7.25,5.988538,1.2614622
20251021_160523.jpg,/home/nfs/data/nvme_datasets/Pictures_CFSB_leaf_damage/RSFB-Phenotyping_training_set/RSFB-Phenotyping_training_set/20251021_160523.jpg,29_R4S_179_Ascona_5_5,13.75,6.415448,7.334552
20251021_160541.jpg,/home/nfs/data/nvme_datasets/Pictures_CFSB_leaf_damage/RSFB-Phenotyping_training_set/RSFB-Phenotyping_training_set/20251021_160541.jpg,20_R4S_199_Maplus_4_5,3.75,5.829148,2.0791478
20251021_160549.jpg,/home/nfs/data/nvme_datasets/Pictures_CFSB_leaf_damage/RSFB-Phenotyping_training_set/RSFB-Phenotyping_training_set/20251021_160549.jpg,20_R4S_199_Maplus_4_5,1.75,4.9220967,3.1720967
20251021_160559.jpg,/home/nfs/data/nvme_datasets/Pictures_CFSB_leaf_damage/RSFB-Phenotyping_training_set/RSFB-Phenotyping_training_set/20251021_160559.jpg,20_R4S_199_Maplus_4_5,2.0,6.3288107,4.3288107
20251021_160658.jpg,/home/nfs/data/nvme_datasets/Pictures_CFSB_leaf_damage/RSFB-Phenotyping_training_set/RSFB-Phenotyping_training_set/20251021_160658.jpg,5_Smaragd_1_5,1.5,5.644919,4.144919
20251021_160709.jpg,/home/nfs/data/nvme_datasets/Pictures_CFSB_leaf_damage/RSFB-Phenotyping_training_set/RSFB-Phenotyping_training_set/20251021_160709.jpg,5_Smaragd_1_5,1.0,6.9729834,5.9729834
20251021_160732.jpg,/home/nfs/data/nvme_datasets/Pictures_CFSB_leaf_damage/RSFB-Phenotyping_training_set/RSFB-Phenotyping_training_set/20251021_160732.jpg,6_Smaragd_1_6,1.25,6.0366054,4.7866054
20251021_160738.jpg,/home/nfs/data/nvme_datasets/Pictures_CFSB_leaf_damage/RSFB-Phenotyping_training_set/RSFB-Phenotyping_training_set/20251021_160738.jpg,6_Smaragd_1_6,2.25,6.154102,3.9041018
20251021_160745.jpg,/home/nfs/data/nvme_datasets/Pictures_CFSB_leaf_damage/RSFB-Phenotyping_training_set/RSFB-Phenotyping_training_set/20251021_160745.jpg,6_Smaragd_1_6,7.75,7.1138806,0.63611937
20251021_160823.jpg,/home/nfs/data/nvme_datasets/Pictures_CFSB_leaf_damage/RSFB-Phenotyping_training_set/RSFB-Phenotyping_training_set/20251021_160823.jpg,18_R4S_286_Ramses_3_6,2.0,6.361119,4.361119
20251021_160837.jpg,/home/nfs/data/nvme_datasets/Pictures_CFSB_leaf_damage/RSFB-Phenotyping_training_set/RSFB-Phenotyping_training_set/20251021_160837.jpg,18_R4S_286_Ramses_3_6,2.5,5.95719,3.45719
20251021_160849.jpg,/home/nfs/data/nvme_datasets/Pictures_CFSB_leaf_damage/RSFB-Phenotyping_training_set/RSFB-Phenotyping_training_set/20251021_160849.jpg,19_R4S_434_J 134_4_6,2.25,4.941364,2.6913638
20251021_160856.jpg,/home/nfs/data/nvme_datasets/Pictures_CFSB_leaf_damage/RSFB-Phenotyping_training_set/RSFB-Phenotyping_training_set/20251021_160856.jpg,19_R4S_434_J 134_4_6,2.0,6.6333385,4.6333385
20251021_160903.jpg,/home/nfs/data/nvme_datasets/Pictures_CFSB_leaf_damage/RSFB-Phenotyping_training_set/RSFB-Phenotyping_training_set/20251021_160903.jpg,19_R4S_434_J 134_4_6,14.5,6.262938,8.237062
20251021_160922.jpg,/home/nfs/data/nvme_datasets/Pictures_CFSB_leaf_damage/RSFB-Phenotyping_training_set/RSFB-Phenotyping_training_set/20251021_160922.jpg,30_R4S_236_Baros_5_6,1.5,5.6112266,4.1112266
20251021_160928.jpg,/home/nfs/data/nvme_datasets/Pictures_CFSB_leaf_damage/RSFB-Phenotyping_training_set/RSFB-Phenotyping_training_set/20251021_160928.jpg,30_R4S_236_Baros_5_6,2.0,5.5436516,3.5436516
20251021_160943.jpg,/home/nfs/data/nvme_datasets/Pictures_CFSB_leaf_damage/RSFB-Phenotyping_training_set/RSFB-Phenotyping_training_set/20251021_160943.jpg,31_R4S_377_Sonnengold_6_6,5.75,3.762354,1.9876461
20251021_160948.jpg,/home/nfs/data/nvme_datasets/Pictures_CFSB_leaf_damage/RSFB-Phenotyping_training_set/RSFB-Phenotyping_training_set/20251021_160948.jpg,31_R4S_377_Sonnengold_6_6,1.25,5.3689117,4.1189117
20251021_160958.jpg,/home/nfs/data/nvme_datasets/Pictures_CFSB_leaf_damage/RSFB-Phenotyping_training_set/RSFB-Phenotyping_training_set/20251021_160958.jpg,42_R4S_170_Kvintett_7_6,3.5,4.423956,0.9239559
20251021_161003.jpg,/home/nfs/data/nvme_datasets/Pictures_CFSB_leaf_damage/RSFB-Phenotyping_training_set/RSFB-Phenotyping_training_set/20251021_161003.jpg,42_R4S_170_Kvintett_7_6,3.25,4.8319464,1.5819464
20251021_161010.jpg,/home/nfs/data/nvme_datasets/Pictures_CFSB_leaf_damage/RSFB-Phenotyping_training_set/RSFB-Phenotyping_training_set/20251021_161010.jpg,42_R4S_170_Kvintett_7_6,1.5,5.95242,4.45242
20251021_161021.jpg,/home/nfs/data/nvme_datasets/Pictures_CFSB_leaf_damage/RSFB-Phenotyping_training_set/RSFB-Phenotyping_training_set/20251021_161021.jpg,43_R4S_326_Tipperarz *Magnificent(_8_6,1.25,5.685906,4.435906
20251021_161028.jpg,/home/nfs/data/nvme_datasets/Pictures_CFSB_leaf_damage/RSFB-Phenotyping_training_set/RSFB-Phenotyping_training_set/20251021_161028.jpg,43_R4S_326_Tipperarz *Magnificent(_8_6,2.75,7.2154326,4.4654326
20251021_161035.jpg,/home/nfs/data/nvme_datasets/Pictures_CFSB_leaf_damage/RSFB-Phenotyping_training_set/RSFB-Phenotyping_training_set/20251021_161035.jpg,43_R4S_326_Tipperarz *Magnificent(_8_6,1.25,6.203853,4.953853
20251021_161047.jpg,/home/nfs/data/nvme_datasets/Pictures_CFSB_leaf_damage/RSFB-Phenotyping_training_set/RSFB-Phenotyping_training_set/20251021_161047.jpg,54_R4S_543_Smaragd_9_6,4.25,7.1835237,2.9335237
20251021_161101.jpg,/home/nfs/data/nvme_datasets/Pictures_CFSB_leaf_damage/RSFB-Phenotyping_training_set/RSFB-Phenotyping_training_set/20251021_161101.jpg,54_R4S_543_Smaragd_9_6,2.25,5.1542463,2.9042463
20251021_161110.jpg,/home/nfs/data/nvme_datasets/Pictures_CFSB_leaf_damage/RSFB-Phenotyping_training_set/RSFB-Phenotyping_training_set/20251021_161110.jpg,55_R4S_440_R59_10_6,4.25,5.0643654,0.8143654
20251021_161203.jpg,/home/nfs/data/nvme_datasets/Pictures_CFSB_leaf_damage/RSFB-Phenotyping_training_set/RSFB-Phenotyping_training_set/20251021_161203.jpg,67_R4S_229_Jessica_12_6,1.0,6.705406,5.705406
20251021_161211.jpg,/home/nfs/data/nvme_datasets/Pictures_CFSB_leaf_damage/RSFB-Phenotyping_training_set/RSFB-Phenotyping_training_set/20251021_161211.jpg,67_R4S_229_Jessica_12_6,19.25,5.577717,13.672283
20251021_161236.jpg,/home/nfs/data/nvme_datasets/Pictures_CFSB_leaf_damage/RSFB-Phenotyping_training_set/RSFB-Phenotyping_training_set/20251021_161236.jpg,78_R4S_205_RESZN/H048_13_6,7.0,8.365043,1.3650427
20251021_161250.jpg,/home/nfs/data/nvme_datasets/Pictures_CFSB_leaf_damage/RSFB-Phenotyping_training_set/RSFB-Phenotyping_training_set/20251021_161250.jpg,79_R4S_312_TAIWAN_14_6,3.25,6.46177,3.21177
20251021_161256.jpg,/home/nfs/data/nvme_datasets/Pictures_CFSB_leaf_damage/RSFB-Phenotyping_training_set/RSFB-Phenotyping_training_set/20251021_161256.jpg,79_R4S_312_TAIWAN_14_6,1.0,8.62385,7.62385
20251021_161301.jpg,/home/nfs/data/nvme_datasets/Pictures_CFSB_leaf_damage/RSFB-Phenotyping_training_set/RSFB-Phenotyping_training_set/20251021_161301.jpg,79_R4S_312_TAIWAN_14_6,1.5,5.5525074,4.0525074
20251021_161402.jpg,/home/nfs/data/nvme_datasets/Pictures_CFSB_leaf_damage/RSFB-Phenotyping_training_set/RSFB-Phenotyping_training_set/20251021_161402.jpg,102_R4S_324_Scotia_17_6,4.5,4.955821,0.45582104
20251021_161425.jpg,/home/nfs/data/nvme_datasets/Pictures_CFSB_leaf_damage/RSFB-Phenotyping_training_set/RSFB-Phenotyping_training_set/20251021_161425.jpg,103_R4S_223_BIENVENU DH4_18_6,3.0,4.2864943,1.2864943
20251021_161432.jpg,/home/nfs/data/nvme_datasets/Pictures_CFSB_leaf_damage/RSFB-Phenotyping_training_set/RSFB-Phenotyping_training_set/20251021_161432.jpg,103_R4S_223_BIENVENU DH4_18_6,3.25,5.6161394,2.3661394
20251021_161443.jpg,/home/nfs/data/nvme_datasets/Pictures_CFSB_leaf_damage/RSFB-Phenotyping_training_set/RSFB-Phenotyping_training_set/20251021_161443.jpg,103_R4S_223_BIENVENU DH4_18_6,3.0,5.118503,2.118503
20251021_161504.jpg,/home/nfs/data/nvme_datasets/Pictures_CFSB_leaf_damage/RSFB-Phenotyping_training_set/RSFB-Phenotyping_training_set/20251021_161504.jpg,114_R4S_424_R18_19_6,2.5,6.745738,4.245738
20251021_161511.jpg,/home/nfs/data/nvme_datasets/Pictures_CFSB_leaf_damage/RSFB-Phenotyping_training_set/RSFB-Phenotyping_training_set/20251021_161511.jpg,114_R4S_424_R18_19_6,1.0,4.0425243,3.0425243
20251021_161525.jpg,/home/nfs/data/nvme_datasets/Pictures_CFSB_leaf_damage/RSFB-Phenotyping_training_set/RSFB-Phenotyping_training_set/20251021_161525.jpg,115_R4S_514_R31_20_6,4.75,6.1025896,1.3525896
20251021_161609.jpg,/home/nfs/data/nvme_datasets/Pictures_CFSB_leaf_damage/RSFB-Phenotyping_training_set/RSFB-Phenotyping_training_set/20251021_161609.jpg,126_R4S_283_Mztnickij_21_6,15.25,5.0128207,10.237179
20251021_161615.jpg,/home/nfs/data/nvme_datasets/Pictures_CFSB_leaf_damage/RSFB-Phenotyping_training_set/RSFB-Phenotyping_training_set/20251021_161615.jpg,126_R4S_283_Mztnickij_21_6,19.75,5.740514,14.009486
20251021_161731.jpg,/home/nfs/data/nvme_datasets/Pictures_CFSB_leaf_damage/RSFB-Phenotyping_training_set/RSFB-Phenotyping_training_set/20251021_161731.jpg,139_R4S_378_Sobotkowski_24_6,6.25,5.286835,0.9631648
20251021_161803.jpg,/home/nfs/data/nvme_datasets/Pictures_CFSB_leaf_damage/RSFB-Phenotyping_training_set/RSFB-Phenotyping_training_set/20251021_161803.jpg,150_R4S_444_1012/98_25_6,5.95,4.54228,1.4077196
20251021_161816.jpg,/home/nfs/data/nvme_datasets/Pictures_CFSB_leaf_damage/RSFB-Phenotyping_training_set/RSFB-Phenotyping_training_set/20251021_161816.jpg,150_R4S_444_1012/98_25_6,2.5,4.8865943,2.3865943
20251021_161826.jpg,/home/nfs/data/nvme_datasets/Pictures_CFSB_leaf_damage/RSFB-Phenotyping_training_set/RSFB-Phenotyping_training_set/20251021_161826.jpg,151_R4S_145_Milena_26_6,4.75,4.697363,0.0526371
20251021_161831.jpg,/home/nfs/data/nvme_datasets/Pictures_CFSB_leaf_damage/RSFB-Phenotyping_training_set/RSFB-Phenotyping_training_set/20251021_161831.jpg,151_R4S_145_Milena_26_6,5.25,6.496912,1.246912
20251021_161924.jpg,/home/nfs/data/nvme_datasets/Pictures_CFSB_leaf_damage/RSFB-Phenotyping_training_set/RSFB-Phenotyping_training_set/20251021_161924.jpg,163_R4S_525_Taisetsu_28_6,3.5,4.4186273,0.91862726
20251021_162013.jpg,/home/nfs/data/nvme_datasets/Pictures_CFSB_leaf_damage/RSFB-Phenotyping_training_set/RSFB-Phenotyping_training_set/20251021_162013.jpg,175_R4S_148_Rodeo_30_6,1.0,4.60337,3.6033702
20251021_162027.jpg,/home/nfs/data/nvme_datasets/Pictures_CFSB_leaf_damage/RSFB-Phenotyping_training_set/RSFB-Phenotyping_training_set/20251021_162027.jpg,175_R4S_148_Rodeo_30_6,5.05,6.545545,1.4955449
20251021_162049.jpg,/home/nfs/data/nvme_datasets/Pictures_CFSB_leaf_damage/RSFB-Phenotyping_training_set/RSFB-Phenotyping_training_set/20251021_162049.jpg,186_R4S_397_Brink_31_6,2.5,6.395737,3.8957372
20251021_162057.jpg,/home/nfs/data/nvme_datasets/Pictures_CFSB_leaf_damage/RSFB-Phenotyping_training_set/RSFB-Phenotyping_training_set/20251021_162057.jpg,186_R4S_397_Brink_31_6,4.5,5.712232,1.2122321
20251021_162156.jpg,/home/nfs/data/nvme_datasets/Pictures_CFSB_leaf_damage/RSFB-Phenotyping_training_set/RSFB-Phenotyping_training_set/20251021_162156.jpg,199_R4S_388_Liporta_34_6,1.25,4.991979,3.7419791
20251021_162202.jpg,/home/nfs/data/nvme_datasets/Pictures_CFSB_leaf_damage/RSFB-Phenotyping_training_set/RSFB-Phenotyping_training_set/20251021_162202.jpg,199_R4S_388_Liporta_34_6,2.0,6.2276273,4.2276273
20251021_162210.jpg,/home/nfs/data/nvme_datasets/Pictures_CFSB_leaf_damage/RSFB-Phenotyping_training_set/RSFB-Phenotyping_training_set/20251021_162210.jpg,199_R4S_388_Liporta_34_6,1.75,5.6619854,3.9119854
20251021_162301.jpg,/home/nfs/data/nvme_datasets/Pictures_CFSB_leaf_damage/RSFB-Phenotyping_training_set/RSFB-Phenotyping_training_set/20251021_162301.jpg,211_R4S_359_SIBERISCHE BOERENKOOL_36_6,1.5,5.416773,3.9167728
20251021_162313.jpg,/home/nfs/data/nvme_datasets/Pictures_CFSB_leaf_damage/RSFB-Phenotyping_training_set/RSFB-Phenotyping_training_set/20251021_162313.jpg,211_R4S_359_SIBERISCHE BOERENKOOL_36_6,1.75,6.08352,4.33352
20251021_162321.jpg,/home/nfs/data/nvme_datasets/Pictures_CFSB_leaf_damage/RSFB-Phenotyping_training_set/RSFB-Phenotyping_training_set/20251021_162321.jpg,211_R4S_359_SIBERISCHE BOERENKOOL_36_6,1.7,5.101361,3.4013608
20251021_162332.jpg,/home/nfs/data/nvme_datasets/Pictures_CFSB_leaf_damage/RSFB-Phenotyping_training_set/RSFB-Phenotyping_training_set/20251021_162332.jpg,222_R4S_293_K26/96_37_6,8.5,5.777902,2.7220979
20251021_162346.jpg,/home/nfs/data/nvme_datasets/Pictures_CFSB_leaf_damage/RSFB-Phenotyping_training_set/RSFB-Phenotyping_training_set/20251021_162346.jpg,222_R4S_293_K26/96_37_6,2.75,4.154958,1.4049578
20251021_162400.jpg,/home/nfs/data/nvme_datasets/Pictures_CFSB_leaf_damage/RSFB-Phenotyping_training_set/RSFB-Phenotyping_training_set/20251021_162400.jpg,223_RAS_320_Best of All_38_6,0.75,4.261103,3.5111032
20251021_162409.jpg,/home/nfs/data/nvme_datasets/Pictures_CFSB_leaf_damage/RSFB-Phenotyping_training_set/RSFB-Phenotyping_training_set/20251021_162409.jpg,223_RAS_320_Best of All_38_6,2.4,6.458607,4.058607
20251021_162416.jpg,/home/nfs/data/nvme_datasets/Pictures_CFSB_leaf_damage/RSFB-Phenotyping_training_set/RSFB-Phenotyping_training_set/20251021_162416.jpg,223_RAS_320_Best of All_38_6,0.75,6.061506,5.311506
20251021_162459.jpg,/home/nfs/data/nvme_datasets/Pictures_CFSB_leaf_damage/RSFB-Phenotyping_training_set/RSFB-Phenotyping_training_set/20251021_162459.jpg,235_R4S_193_LICROWN X EXPRESS DH LINE_40_6,1.5,4.4416404,2.9416404
20251021_162506.jpg,/home/nfs/data/nvme_datasets/Pictures_CFSB_leaf_damage/RSFB-Phenotyping_training_set/RSFB-Phenotyping_training_set/20251021_162506.jpg,235_R4S_193_LICROWN X EXPRESS DH LINE_40_6,5.0,4.947378,0.05262184
20251021_162707.jpg,/home/nfs/data/nvme_datasets/Pictures_CFSB_leaf_damage/RSFB-Phenotyping_training_set/RSFB-Phenotyping_training_set/20251021_162707.jpg,259_R4S_383_Moldavia_44_6,14.0,4.699458,9.300542
20251021_162717.jpg,/home/nfs/data/nvme_datasets/Pictures_CFSB_leaf_damage/RSFB-Phenotyping_training_set/RSFB-Phenotyping_training_set/20251021_162717.jpg,259_R4S_383_Moldavia_44_6,19.25,4.9387074,14.311293
20251021_162732.jpg,/home/nfs/data/nvme_datasets/Pictures_CFSB_leaf_damage/RSFB-Phenotyping_training_set/RSFB-Phenotyping_training_set/20251021_162732.jpg,270_R4S_232_Beluga_45_6,2.75,5.465487,2.715487
20251021_162800.jpg,/home/nfs/data/nvme_datasets/Pictures_CFSB_leaf_damage/RSFB-Phenotyping_training_set/RSFB-Phenotyping_training_set/20251021_162800.jpg,271_R4S_171_Falstaff_46_6,3.75,4.368671,0.61867094
20251021_162807.jpg,/home/nfs/data/nvme_datasets/Pictures_CFSB_leaf_damage/RSFB-Phenotyping_training_set/RSFB-Phenotyping_training_set/20251021_162807.jpg,271_R4S_171_Falstaff_46_6,5.5,6.9029913,1.4029913
20251021_162816.jpg,/home/nfs/data/nvme_datasets/Pictures_CFSB_leaf_damage/RSFB-Phenotyping_training_set/RSFB-Phenotyping_training_set/20251021_162816.jpg,271_R4S_171_Falstaff_46_6,1.75,8.706129,6.956129
20251021_162836.jpg,/home/nfs/data/nvme_datasets/Pictures_CFSB_leaf_damage/RSFB-Phenotyping_training_set/RSFB-Phenotyping_training_set/20251021_162836.jpg,282_R4S_332_Hollandse Gele Roodkop_47_6,19.5,6.8318963,12.668104
20251021_162845.jpg,/home/nfs/data/nvme_datasets/Pictures_CFSB_leaf_damage/RSFB-Phenotyping_training_set/RSFB-Phenotyping_training_set/20251021_162845.jpg,282_R4S_332_Hollandse Gele Roodkop_47_6,1.0,6.507577,5.507577
20251021_163031.jpg,/home/nfs/data/nvme_datasets/Pictures_CFSB_leaf_damage/RSFB-Phenotyping_training_set/RSFB-Phenotyping_training_set/20251021_163031.jpg,306_R4S_180_Duell_51_6,34.75,6.7162333,28.033768
20251021_163044.jpg,/home/nfs/data/nvme_datasets/Pictures_CFSB_leaf_damage/RSFB-Phenotyping_training_set/RSFB-Phenotyping_training_set/20251021_163044.jpg,306_R4S_180_Duell_51_6,4.0,5.71819,1.7181902
20251021_163055.jpg,/home/nfs/data/nvme_datasets/Pictures_CFSB_leaf_damage/RSFB-Phenotyping_training_set/RSFB-Phenotyping_training_set/20251021_163055.jpg,307_Smaragd_52_6,2.0,4.9272494,2.9272494
20251021_163103.jpg,/home/nfs/data/nvme_datasets/Pictures_CFSB_leaf_damage/RSFB-Phenotyping_training_set/RSFB-Phenotyping_training_set/20251021_163103.jpg,307_Smaragd_52_6,4.5,4.7003217,0.20032167
