filename,split,mean_score,score_bin,frame_crop_path,mask_path,overlay_path,image_width,image_height,green_pixels,green_fraction,region_count,regions_json,patch_paths,automatic_status,manual_status,manual_notes
20251021_124417.jpg,train,2.25,low_0_3,outputs/frame_audit/crops/20251021_124417_crop.jpg,outputs/plant_region_audit/masks/20251021_124417_vegetation.png,outputs/plant_region_audit/overlays/20251021_124417_regions.jpg,1405,1425,37028,0.018494349753387,4,"[{""region_id"": 1, ""bounding_box"": [805, 388, 1054, 601], ""patch_box"": [769, 352, 1090, 637], ""green_area"": 15356, ""patch_path"": ""outputs/plant_region_audit/patches/20251021_124417_region_01.jpg""}, {""region_id"": 2, ""bounding_box"": [359, 397, 467, 530], ""patch_box"": [323, 361, 503, 566], ""green_area"": 4044, ""patch_path"": ""outputs/plant_region_audit/patches/20251021_124417_region_02.jpg""}, {""region_id"": 3, ""bounding_box"": [1172, 439, 1405, 577], ""patch_box"": [1136, 403, 1405, 613], ""green_area"": 9406, ""patch_path"": ""outputs/plant_region_audit/patches/20251021_124417_region_03.jpg""}, {""region_id"": 4, ""bounding_box"": [873, 1027, 1011, 1200], ""patch_box"": [837, 991, 1047, 1236], ""green_area"": 8222, ""patch_path"": ""outputs/plant_region_audit/patches/20251021_124417_region_04.jpg""}]","[""outputs/plant_region_audit/patches/20251021_124417_region_01.jpg"", ""outputs/plant_region_audit/patches/20251021_124417_region_02.jpg"", ""outputs/plant_region_audit/patches/20251021_124417_region_03.jpg"", ""outputs/plant_region_audit/patches/20251021_124417_region_04.jpg""]",detected,approved,Vegetation mask and high-resolution region proposals approved.
20251021_154331.jpg,train,2.25,low_0_3,outputs/frame_audit/crops/20251021_154331_crop.jpg,outputs/plant_region_audit/masks/20251021_154331_vegetation.png,outputs/plant_region_audit/overlays/20251021_154331_regions.jpg,1400,1374,22470,0.0116812227074235,7,"[{""region_id"": 1, ""bounding_box"": [1008, 253, 1106, 401], ""patch_box"": [973, 218, 1141, 436], ""green_area"": 4364, ""patch_path"": ""outputs/plant_region_audit/patches/20251021_154331_region_01.jpg""}, {""region_id"": 2, ""bounding_box"": [740, 257, 845, 420], ""patch_box"": [705, 222, 880, 455], ""green_area"": 4147, ""patch_path"": ""outputs/plant_region_audit/patches/20251021_154331_region_02.jpg""}, {""region_id"": 3, ""bounding_box"": [502, 285, 575, 356], ""patch_box"": [467, 250, 610, 391], ""green_area"": 1513, ""patch_path"": ""outputs/plant_region_audit/patches/20251021_154331_region_03.jpg""}, {""region_id"": 4, ""bounding_box"": [465, 344, 532, 408], ""patch_box"": [430, 309, 567, 443], ""green_area"": 1277, ""patch_path"": ""outputs/plant_region_audit/patches/20251021_154331_region_04.jpg""}, {""region_id"": 5, ""bounding_box"": [143, 348, 261, 428], ""patch_box"": [108, 313, 296, 463], ""green_area"": 2599, ""patch_path"": ""outputs/plant_region_audit/patches/20251021_154331_region_05.jpg""}, {""region_id"": 6, ""bounding_box"": [760, 842, 840, 916], ""patch_box"": [725, 807, 875, 951], ""green_area"": 1272, ""patch_path"": ""outputs/plant_region_audit/patches/20251021_154331_region_06.jpg""}, {""region_id"": 7, ""bounding_box"": [456, 981, 616, 1142], ""patch_box"": [421, 946, 651, 1177], ""green_area"": 7298, ""patch_path"": ""outputs/plant_region_audit/patches/20251021_154331_region_07.jpg""}]","[""outputs/plant_region_audit/patches/20251021_154331_region_01.jpg"", ""outputs/plant_region_audit/patches/20251021_154331_region_02.jpg"", ""outputs/plant_region_audit/patches/20251021_154331_region_03.jpg"", ""outputs/plant_region_audit/patches/20251021_154331_region_04.jpg"", ""outputs/plant_region_audit/patches/20251021_154331_region_05.jpg"", ""outputs/plant_region_audit/patches/20251021_154331_region_06.jpg"", ""outputs/plant_region_audit/patches/20251021_154331_region_07.jpg""]",detected,approved,Vegetation mask and high-resolution region proposals approved.
20251021_160738.jpg,train,2.25,low_0_3,outputs/frame_audit/crops/20251021_160738_crop.jpg,outputs/plant_region_audit/masks/20251021_160738_vegetation.png,outputs/plant_region_audit/overlays/20251021_160738_regions.jpg,1418,1399,15533,0.0078299934166153,3,"[{""region_id"": 1, ""bounding_box"": [1259, 245, 1376, 351], ""patch_box"": [1224, 210, 1411, 386], ""green_area"": 3846, ""patch_path"": ""outputs/plant_region_audit/patches/20251021_160738_region_01.jpg""}, {""region_id"": 2, ""bounding_box"": [1051, 265, 1219, 401], ""patch_box"": [1016, 230, 1254, 436], ""green_area"": 6427, ""patch_path"": ""outputs/plant_region_audit/patches/20251021_160738_region_02.jpg""}, {""region_id"": 3, ""bounding_box"": [90, 987, 198, 1137], ""patch_box"": [55, 952, 233, 1172], ""green_area"": 5260, ""patch_path"": ""outputs/plant_region_audit/patches/20251021_160738_region_03.jpg""}]","[""outputs/plant_region_audit/patches/20251021_160738_region_01.jpg"", ""outputs/plant_region_audit/patches/20251021_160738_region_02.jpg"", ""outputs/plant_region_audit/patches/20251021_160738_region_03.jpg""]",detected,approved,Vegetation mask and high-resolution region proposals approved.
20251021_161101.jpg,train,2.25,low_0_3,outputs/frame_audit/crops/20251021_161101_crop.jpg,outputs/plant_region_audit/masks/20251021_161101_vegetation.png,outputs/plant_region_audit/overlays/20251021_161101_regions.jpg,1401,1402,27284,0.0138906283569612,6,"[{""region_id"": 1, ""bounding_box"": [1286, 344, 1401, 479], ""patch_box"": [1251, 309, 1401, 514], ""green_area"": 4299, ""patch_path"": ""outputs/plant_region_audit/patches/20251021_161101_region_01.jpg""}, {""region_id"": 2, ""bounding_box"": [1031, 396, 1126, 475], ""patch_box"": [996, 361, 1161, 510], ""green_area"": 1567, ""patch_path"": ""outputs/plant_region_audit/patches/20251021_161101_region_02.jpg""}, {""region_id"": 3, ""bounding_box"": [406, 493, 488, 607], ""patch_box"": [371, 458, 523, 642], ""green_area"": 2178, ""patch_path"": ""outputs/plant_region_audit/patches/20251021_161101_region_03.jpg""}, {""region_id"": 4, ""bounding_box"": [863, 1067, 1107, 1206], ""patch_box"": [828, 1032, 1142, 1241], ""green_area"": 9464, ""patch_path"": ""outputs/plant_region_audit/patches/20251021_161101_region_04.jpg""}, {""region_id"": 5, ""bounding_box"": [219, 1077, 375, 1216], ""patch_box"": [184, 1042, 410, 1251], ""green_area"": 5277, ""patch_path"": ""outputs/plant_region_audit/patches/20251021_161101_region_05.jpg""}, {""region_id"": 6, ""bounding_box"": [465, 1108, 607, 1208], ""patch_box"": [430, 1073, 642, 1243], ""green_area"": 4499, ""patch_path"": ""outputs/plant_region_audit/patches/20251021_161101_region_06.jpg""}]","[""outputs/plant_region_audit/patches/20251021_161101_region_01.jpg"", ""outputs/plant_region_audit/patches/20251021_161101_region_02.jpg"", ""outputs/plant_region_audit/patches/20251021_161101_region_03.jpg"", ""outputs/plant_region_audit/patches/20251021_161101_region_04.jpg"", ""outputs/plant_region_audit/patches/20251021_161101_region_05.jpg"", ""outputs/plant_region_audit/patches/20251021_161101_region_06.jpg""]",detected,approved,Vegetation mask and high-resolution region proposals approved.
20251021_161150.jpg,val,1.0,low_0_3,outputs/frame_audit/crops/20251021_161150_crop.jpg,outputs/plant_region_audit/masks/20251021_161150_vegetation.png,outputs/plant_region_audit/overlays/20251021_161150_regions.jpg,1411,1419,17432,0.0087063837990939,8,"[{""region_id"": 1, ""bounding_box"": [503, 440, 626, 532], ""patch_box"": [468, 405, 661, 567], ""green_area"": 3538, ""patch_path"": ""outputs/plant_region_audit/patches/20251021_161150_region_01.jpg""}, {""region_id"": 2, ""bounding_box"": [329, 465, 403, 560], ""patch_box"": [294, 430, 438, 595], ""green_area"": 2281, ""patch_path"": ""outputs/plant_region_audit/patches/20251021_161150_region_02.jpg""}, {""region_id"": 3, ""bounding_box"": [822, 506, 912, 608], ""patch_box"": [787, 471, 947, 643], ""green_area"": 2281, ""patch_path"": ""outputs/plant_region_audit/patches/20251021_161150_region_03.jpg""}, {""region_id"": 4, ""bounding_box"": [1287, 526, 1386, 648], ""patch_box"": [1252, 491, 1411, 683], ""green_area"": 3208, ""patch_path"": ""outputs/plant_region_audit/patches/20251021_161150_region_04.jpg""}, {""region_id"": 5, ""bounding_box"": [495, 538, 580, 623], ""patch_box"": [460, 503, 615, 658], ""green_area"": 1779, ""patch_path"": ""outputs/plant_region_audit/patches/20251021_161150_region_05.jpg""}, {""region_id"": 6, ""bounding_box"": [981, 552, 1040, 622], ""patch_box"": [946, 517, 1075, 657], ""green_area"": 1064, ""patch_path"": ""outputs/plant_region_audit/patches/20251021_161150_region_06.jpg""}, {""region_id"": 7, ""bounding_box"": [1261, 681, 1340, 720], ""patch_box"": [1226, 646, 1375, 755], ""green_area"": 370, ""patch_path"": ""outputs/plant_region_audit/patches/20251021_161150_region_07.jpg""}, {""region_id"": 8, ""bounding_box"": [456, 1193, 577, 1267], ""patch_box"": [421, 1158, 612, 1302], ""green_area"": 2724, ""patch_path"": ""outputs/plant_region_audit/patches/20251021_161150_region_08.jpg""}]","[""outputs/plant_region_audit/patches/20251021_161150_region_01.jpg"", ""outputs/plant_region_audit/patches/20251021_161150_region_02.jpg"", ""outputs/plant_region_audit/patches/20251021_161150_region_03.jpg"", ""outputs/plant_region_audit/patches/20251021_161150_region_04.jpg"", ""outputs/plant_region_audit/patches/20251021_161150_region_05.jpg"", ""outputs/plant_region_audit/patches/20251021_161150_region_06.jpg"", ""outputs/plant_region_audit/patches/20251021_161150_region_07.jpg"", ""outputs/plant_region_audit/patches/20251021_161150_region_08.jpg""]",detected,approved,Vegetation mask and high-resolution region proposals approved.
20251021_160632.jpg,val,1.75,low_0_3,outputs/frame_audit/crops/20251021_160632_crop.jpg,outputs/plant_region_audit/masks/20251021_160632_vegetation.png,outputs/plant_region_audit/overlays/20251021_160632_regions.jpg,1408,1392,55753,0.0284463370232497,9,"[{""region_id"": 1, ""bounding_box"": [1193, 358, 1342, 555], ""patch_box"": [1158, 323, 1377, 590], ""green_area"": 7966, ""patch_path"": ""outputs/plant_region_audit/patches/20251021_160632_region_01.jpg""}, {""region_id"": 2, ""bounding_box"": [770, 388, 1059, 571], ""patch_box"": [735, 353, 1094, 606], ""green_area"": 12366, ""patch_path"": ""outputs/plant_region_audit/patches/20251021_160632_region_02.jpg""}, {""region_id"": 3, ""bounding_box"": [352, 449, 473, 615], ""patch_box"": [317, 414, 508, 650], ""green_area"": 5958, ""patch_path"": ""outputs/plant_region_audit/patches/20251021_160632_region_03.jpg""}, {""region_id"": 4, ""bounding_box"": [567, 466, 679, 662], ""patch_box"": [532, 431, 714, 697], ""green_area"": 6952, ""patch_path"": ""outputs/plant_region_audit/patches/20251021_160632_region_04.jpg""}, {""region_id"": 5, ""bounding_box"": [0, 532, 69, 620], ""patch_box"": [0, 497, 104, 655], ""green_area"": 2489, ""patch_path"": ""outputs/plant_region_audit/patches/20251021_160632_region_05.jpg""}, {""region_id"": 6, ""bounding_box"": [784, 997, 1046, 1165], ""patch_box"": [749, 962, 1081, 1200], ""green_area"": 12804, ""patch_path"": ""outputs/plant_region_audit/patches/20251021_160632_region_06.jpg""}, {""region_id"": 7, ""bounding_box"": [528, 1049, 664, 1141], ""patch_box"": [493, 1014, 699, 1176], ""green_area"": 3013, ""patch_path"": ""outputs/plant_region_audit/patches/20251021_160632_region_07.jpg""}, {""region_id"": 8, ""bounding_box"": [249, 1115, 347, 1204], ""patch_box"": [214, 1080, 382, 1239], ""green_area"": 1704, ""patch_path"": ""outputs/plant_region_audit/patches/20251021_160632_region_08.jpg""}, {""region_id"": 9, ""bounding_box"": [506, 1136, 596, 1215], ""patch_box"": [471, 1101, 631, 1250], ""green_area"": 2389, ""patch_path"": ""outputs/plant_region_audit/patches/20251021_160632_region_09.jpg""}]","[""outputs/plant_region_audit/patches/20251021_160632_region_01.jpg"", ""outputs/plant_region_audit/patches/20251021_160632_region_02.jpg"", ""outputs/plant_region_audit/patches/20251021_160632_region_03.jpg"", ""outputs/plant_region_audit/patches/20251021_160632_region_04.jpg"", ""outputs/plant_region_audit/patches/20251021_160632_region_05.jpg"", ""outputs/plant_region_audit/patches/20251021_160632_region_06.jpg"", ""outputs/plant_region_audit/patches/20251021_160632_region_07.jpg"", ""outputs/plant_region_audit/patches/20251021_160632_region_08.jpg"", ""outputs/plant_region_audit/patches/20251021_160632_region_09.jpg""]",detected,approved,Vegetation mask and high-resolution region proposals approved.
20251021_160615.jpg,val,2.0,low_0_3,outputs/frame_audit/crops/20251021_160615_crop.jpg,outputs/plant_region_audit/masks/20251021_160615_vegetation.png,outputs/plant_region_audit/overlays/20251021_160615_regions.jpg,1416,1446,36359,0.017757441139008,6,"[{""region_id"": 1, ""bounding_box"": [881, 161, 984, 340], ""patch_box"": [845, 125, 1020, 376], ""green_area"": 6889, ""patch_path"": ""outputs/plant_region_audit/patches/20251021_160615_region_01.jpg""}, {""region_id"": 2, ""bounding_box"": [489, 218, 674, 372], ""patch_box"": [453, 182, 710, 408], ""green_area"": 8326, ""patch_path"": ""outputs/plant_region_audit/patches/20251021_160615_region_02.jpg""}, {""region_id"": 3, ""bounding_box"": [1142, 220, 1316, 368], ""patch_box"": [1106, 184, 1352, 404], ""green_area"": 7470, ""patch_path"": ""outputs/plant_region_audit/patches/20251021_160615_region_03.jpg""}, {""region_id"": 4, ""bounding_box"": [267, 909, 463, 1068], ""patch_box"": [231, 873, 499, 1104], ""green_area"": 7659, ""patch_path"": ""outputs/plant_region_audit/patches/20251021_160615_region_04.jpg""}, {""region_id"": 5, ""bounding_box"": [1040, 951, 1115, 1048], ""patch_box"": [1004, 915, 1151, 1084], ""green_area"": 2012, ""patch_path"": ""outputs/plant_region_audit/patches/20251021_160615_region_05.jpg""}, {""region_id"": 6, ""bounding_box"": [1102, 1044, 1245, 1126], ""patch_box"": [1066, 1008, 1281, 1162], ""green_area"": 4003, ""patch_path"": ""outputs/plant_region_audit/patches/20251021_160615_region_06.jpg""}]","[""outputs/plant_region_audit/patches/20251021_160615_region_01.jpg"", ""outputs/plant_region_audit/patches/20251021_160615_region_02.jpg"", ""outputs/plant_region_audit/patches/20251021_160615_region_03.jpg"", ""outputs/plant_region_audit/patches/20251021_160615_region_04.jpg"", ""outputs/plant_region_audit/patches/20251021_160615_region_05.jpg"", ""outputs/plant_region_audit/patches/20251021_160615_region_06.jpg""]",detected,approved,Vegetation mask and high-resolution region proposals approved.
20251021_154700.jpg,val,2.25,low_0_3,outputs/frame_audit/crops/20251021_154700_crop.jpg,outputs/plant_region_audit/masks/20251021_154700_vegetation.png,outputs/plant_region_audit/overlays/20251021_154700_regions.jpg,1420,1397,23092,0.0116406383901116,5,"[{""region_id"": 1, ""bounding_box"": [263, 204, 390, 353], ""patch_box"": [227, 168, 426, 389], ""green_area"": 5194, ""patch_path"": ""outputs/plant_region_audit/patches/20251021_154700_region_01.jpg""}, {""region_id"": 2, ""bounding_box"": [1178, 224, 1378, 399], ""patch_box"": [1142, 188, 1414, 435], ""green_area"": 7510, ""patch_path"": ""outputs/plant_region_audit/patches/20251021_154700_region_02.jpg""}, {""region_id"": 3, ""bounding_box"": [0, 231, 91, 323], ""patch_box"": [0, 195, 127, 359], ""green_area"": 2608, ""patch_path"": ""outputs/plant_region_audit/patches/20251021_154700_region_03.jpg""}, {""region_id"": 4, ""bounding_box"": [517, 889, 689, 1084], ""patch_box"": [481, 853, 725, 1120], ""green_area"": 6764, ""patch_path"": ""outputs/plant_region_audit/patches/20251021_154700_region_04.jpg""}, {""region_id"": 5, ""bounding_box"": [722, 949, 776, 1025], ""patch_box"": [686, 913, 812, 1061], ""green_area"": 1016, ""patch_path"": ""outputs/plant_region_audit/patches/20251021_154700_region_05.jpg""}]","[""outputs/plant_region_audit/patches/20251021_154700_region_01.jpg"", ""outputs/plant_region_audit/patches/20251021_154700_region_02.jpg"", ""outputs/plant_region_audit/patches/20251021_154700_region_03.jpg"", ""outputs/plant_region_audit/patches/20251021_154700_region_04.jpg"", ""outputs/plant_region_audit/patches/20251021_154700_region_05.jpg""]",detected,approved,Vegetation mask and high-resolution region proposals approved.
20251021_154614.jpg,train,4.25,medium_3_8,outputs/frame_audit/crops/20251021_154614_crop.jpg,outputs/plant_region_audit/masks/20251021_154614_vegetation.png,outputs/plant_region_audit/overlays/20251021_154614_regions.jpg,1415,1467,17916,0.0086308685064348,6,"[{""region_id"": 1, ""bounding_box"": [418, 227, 563, 391], ""patch_box"": [381, 190, 600, 428], ""green_area"": 8041, ""patch_path"": ""outputs/plant_region_audit/patches/20251021_154614_region_01.jpg""}, {""region_id"": 2, ""bounding_box"": [911, 333, 1017, 436], ""patch_box"": [874, 296, 1054, 473], ""green_area"": 2544, ""patch_path"": ""outputs/plant_region_audit/patches/20251021_154614_region_02.jpg""}, {""region_id"": 3, ""bounding_box"": [1093, 995, 1175, 1063], ""patch_box"": [1056, 958, 1212, 1100], ""green_area"": 1459, ""patch_path"": ""outputs/plant_region_audit/patches/20251021_154614_region_03.jpg""}, {""region_id"": 4, ""bounding_box"": [765, 1024, 887, 1169], ""patch_box"": [728, 987, 924, 1206], ""green_area"": 4142, ""patch_path"": ""outputs/plant_region_audit/patches/20251021_154614_region_04.jpg""}, {""region_id"": 5, ""bounding_box"": [196, 1056, 288, 1133], ""patch_box"": [159, 1019, 325, 1170], ""green_area"": 820, ""patch_path"": ""outputs/plant_region_audit/patches/20251021_154614_region_05.jpg""}, {""region_id"": 6, ""bounding_box"": [1264, 1400, 1346, 1464], ""patch_box"": [1227, 1363, 1383, 1467], ""green_area"": 910, ""patch_path"": ""outputs/plant_region_audit/patches/20251021_154614_region_06.jpg""}]","[""outputs/plant_region_audit/patches/20251021_154614_region_01.jpg"", ""outputs/plant_region_audit/patches/20251021_154614_region_02.jpg"", ""outputs/plant_region_audit/patches/20251021_154614_region_03.jpg"", ""outputs/plant_region_audit/patches/20251021_154614_region_04.jpg"", ""outputs/plant_region_audit/patches/20251021_154614_region_05.jpg"", ""outputs/plant_region_audit/patches/20251021_154614_region_06.jpg""]",detected,approved,Vegetation mask and high-resolution region proposals approved.
20251021_124201.jpg,train,4.5,medium_3_8,outputs/frame_audit/crops/20251021_124201_crop.jpg,outputs/plant_region_audit/masks/20251021_124201_vegetation.png,outputs/plant_region_audit/overlays/20251021_124201_regions.jpg,1394,1382,53488,0.0277642241817838,8,"[{""region_id"": 1, ""bounding_box"": [422, 196, 596, 382], ""patch_box"": [387, 161, 631, 417], ""green_area"": 10061, ""patch_path"": ""outputs/plant_region_audit/patches/20251021_124201_region_01.jpg""}, {""region_id"": 2, ""bounding_box"": [1136, 201, 1322, 313], ""patch_box"": [1101, 166, 1357, 348], ""green_area"": 7830, ""patch_path"": ""outputs/plant_region_audit/patches/20251021_124201_region_02.jpg""}, {""region_id"": 3, ""bounding_box"": [242, 233, 407, 413], ""patch_box"": [207, 198, 442, 448], ""green_area"": 7941, ""patch_path"": ""outputs/plant_region_audit/patches/20251021_124201_region_03.jpg""}, {""region_id"": 4, ""bounding_box"": [590, 267, 770, 388], ""patch_box"": [555, 232, 805, 423], ""green_area"": 6756, ""patch_path"": ""outputs/plant_region_audit/patches/20251021_124201_region_04.jpg""}, {""region_id"": 5, ""bounding_box"": [842, 278, 993, 367], ""patch_box"": [807, 243, 1028, 402], ""green_area"": 4842, ""patch_path"": ""outputs/plant_region_audit/patches/20251021_124201_region_05.jpg""}, {""region_id"": 6, ""bounding_box"": [625, 889, 771, 1080], ""patch_box"": [590, 854, 806, 1115], ""green_area"": 6962, ""patch_path"": ""outputs/plant_region_audit/patches/20251021_124201_region_06.jpg""}, {""region_id"": 7, ""bounding_box"": [314, 896, 375, 951], ""patch_box"": [279, 861, 410, 986], ""green_area"": 469, ""patch_path"": ""outputs/plant_region_audit/patches/20251021_124201_region_07.jpg""}, {""region_id"": 8, ""bounding_box"": [211, 976, 369, 1164], ""patch_box"": [176, 941, 404, 1199], ""green_area"": 8627, ""patch_path"": ""outputs/plant_region_audit/patches/20251021_124201_region_08.jpg""}]","[""outputs/plant_region_audit/patches/20251021_124201_region_01.jpg"", ""outputs/plant_region_audit/patches/20251021_124201_region_02.jpg"", ""outputs/plant_region_audit/patches/20251021_124201_region_03.jpg"", ""outputs/plant_region_audit/patches/20251021_124201_region_04.jpg"", ""outputs/plant_region_audit/patches/20251021_124201_region_05.jpg"", ""outputs/plant_region_audit/patches/20251021_124201_region_06.jpg"", ""outputs/plant_region_audit/patches/20251021_124201_region_07.jpg"", ""outputs/plant_region_audit/patches/20251021_124201_region_08.jpg""]",detected,approved,Vegetation mask and high-resolution region proposals approved.
20251021_125752.jpg,train,6.75,medium_3_8,outputs/frame_audit/crops/20251021_125752_crop.jpg,outputs/plant_region_audit/masks/20251021_125752_vegetation.png,outputs/plant_region_audit/overlays/20251021_125752_regions.jpg,1413,1450,37539,0.0183219855040632,7,"[{""region_id"": 1, ""bounding_box"": [124, 303, 348, 465], ""patch_box"": [88, 267, 384, 501], ""green_area"": 12661, ""patch_path"": ""outputs/plant_region_audit/patches/20251021_125752_region_01.jpg""}, {""region_id"": 2, ""bounding_box"": [601, 352, 677, 482], ""patch_box"": [565, 316, 713, 518], ""green_area"": 3600, ""patch_path"": ""outputs/plant_region_audit/patches/20251021_125752_region_02.jpg""}, {""region_id"": 3, ""bounding_box"": [457, 368, 550, 469], ""patch_box"": [421, 332, 586, 505], ""green_area"": 2426, ""patch_path"": ""outputs/plant_region_audit/patches/20251021_125752_region_03.jpg""}, {""region_id"": 4, ""bounding_box"": [249, 1091, 397, 1248], ""patch_box"": [213, 1055, 433, 1284], ""green_area"": 7645, ""patch_path"": ""outputs/plant_region_audit/patches/20251021_125752_region_04.jpg""}, {""region_id"": 5, ""bounding_box"": [924, 1120, 1046, 1239], ""patch_box"": [888, 1084, 1082, 1275], ""green_area"": 3764, ""patch_path"": ""outputs/plant_region_audit/patches/20251021_125752_region_05.jpg""}, {""region_id"": 6, ""bounding_box"": [775, 1151, 881, 1261], ""patch_box"": [739, 1115, 917, 1297], ""green_area"": 3014, ""patch_path"": ""outputs/plant_region_audit/patches/20251021_125752_region_06.jpg""}, {""region_id"": 7, ""bounding_box"": [532, 1171, 679, 1281], ""patch_box"": [496, 1135, 715, 1317], ""green_area"": 4429, ""patch_path"": ""outputs/plant_region_audit/patches/20251021_125752_region_07.jpg""}]","[""outputs/plant_region_audit/patches/20251021_125752_region_01.jpg"", ""outputs/plant_region_audit/patches/20251021_125752_region_02.jpg"", ""outputs/plant_region_audit/patches/20251021_125752_region_03.jpg"", ""outputs/plant_region_audit/patches/20251021_125752_region_04.jpg"", ""outputs/plant_region_audit/patches/20251021_125752_region_05.jpg"", ""outputs/plant_region_audit/patches/20251021_125752_region_06.jpg"", ""outputs/plant_region_audit/patches/20251021_125752_region_07.jpg""]",detected,approved,Vegetation mask and high-resolution region proposals approved.
20251021_151613.jpg,train,7.25,medium_3_8,outputs/frame_audit/crops/20251021_151613_crop.jpg,outputs/plant_region_audit/masks/20251021_151613_vegetation.png,outputs/plant_region_audit/overlays/20251021_151613_regions.jpg,1416,1359,24548,0.0127565549610672,5,"[{""region_id"": 1, ""bounding_box"": [217, 327, 449, 538], ""patch_box"": [182, 292, 484, 573], ""green_area"": 13318, ""patch_path"": ""outputs/plant_region_audit/patches/20251021_151613_region_01.jpg""}, {""region_id"": 2, ""bounding_box"": [606, 367, 701, 489], ""patch_box"": [571, 332, 736, 524], ""green_area"": 3529, ""patch_path"": ""outputs/plant_region_audit/patches/20251021_151613_region_02.jpg""}, {""region_id"": 3, ""bounding_box"": [999, 992, 1131, 1120], ""patch_box"": [964, 957, 1166, 1155], ""green_area"": 4418, ""patch_path"": ""outputs/plant_region_audit/patches/20251021_151613_region_03.jpg""}, {""region_id"": 4, ""bounding_box"": [1130, 1007, 1186, 1073], ""patch_box"": [1095, 972, 1221, 1108], ""green_area"": 809, ""patch_path"": ""outputs/plant_region_audit/patches/20251021_151613_region_04.jpg""}, {""region_id"": 5, ""bounding_box"": [295, 1076, 400, 1163], ""patch_box"": [260, 1041, 435, 1198], ""green_area"": 2474, ""patch_path"": ""outputs/plant_region_audit/patches/20251021_151613_region_05.jpg""}]","[""outputs/plant_region_audit/patches/20251021_151613_region_01.jpg"", ""outputs/plant_region_audit/patches/20251021_151613_region_02.jpg"", ""outputs/plant_region_audit/patches/20251021_151613_region_03.jpg"", ""outputs/plant_region_audit/patches/20251021_151613_region_04.jpg"", ""outputs/plant_region_audit/patches/20251021_151613_region_05.jpg""]",detected,approved,Vegetation mask and high-resolution region proposals approved.
20251021_160133.jpg,val,4.0,medium_3_8,outputs/frame_audit/crops/20251021_160133_crop.jpg,outputs/plant_region_audit/masks/20251021_160133_vegetation.png,outputs/plant_region_audit/overlays/20251021_160133_regions.jpg,1406,1397,21146,0.0107658047981297,5,"[{""region_id"": 1, ""bounding_box"": [0, 416, 33, 506], ""patch_box"": [0, 381, 68, 541], ""green_area"": 800, ""patch_path"": ""outputs/plant_region_audit/patches/20251021_160133_region_01.jpg""}, {""region_id"": 2, ""bounding_box"": [235, 430, 328, 492], ""patch_box"": [200, 395, 363, 527], ""green_area"": 1547, ""patch_path"": ""outputs/plant_region_audit/patches/20251021_160133_region_02.jpg""}, {""region_id"": 3, ""bounding_box"": [960, 442, 1121, 600], ""patch_box"": [925, 407, 1156, 635], ""green_area"": 7773, ""patch_path"": ""outputs/plant_region_audit/patches/20251021_160133_region_03.jpg""}, {""region_id"": 4, ""bounding_box"": [394, 455, 583, 588], ""patch_box"": [359, 420, 618, 623], ""green_area"": 7131, ""patch_path"": ""outputs/plant_region_audit/patches/20251021_160133_region_04.jpg""}, {""region_id"": 5, ""bounding_box"": [934, 1029, 1054, 1132], ""patch_box"": [899, 994, 1089, 1167], ""green_area"": 3895, ""patch_path"": ""outputs/plant_region_audit/patches/20251021_160133_region_05.jpg""}]","[""outputs/plant_region_audit/patches/20251021_160133_region_01.jpg"", ""outputs/plant_region_audit/patches/20251021_160133_region_02.jpg"", ""outputs/plant_region_audit/patches/20251021_160133_region_03.jpg"", ""outputs/plant_region_audit/patches/20251021_160133_region_04.jpg"", ""outputs/plant_region_audit/patches/20251021_160133_region_05.jpg""]",detected,approved,Vegetation mask and high-resolution region proposals approved.
20251021_131728.jpg,val,4.5,medium_3_8,outputs/frame_audit/crops/20251021_131728_crop.jpg,outputs/plant_region_audit/masks/20251021_131728_vegetation.png,outputs/plant_region_audit/overlays/20251021_131728_regions.jpg,1404,1409,15590,0.0078807584130508,5,"[{""region_id"": 1, ""bounding_box"": [984, 172, 1057, 282], ""patch_box"": [949, 137, 1092, 317], ""green_area"": 2108, ""patch_path"": ""outputs/plant_region_audit/patches/20251021_131728_region_01.jpg""}, {""region_id"": 2, ""bounding_box"": [971, 336, 1062, 443], ""patch_box"": [936, 301, 1097, 478], ""green_area"": 2190, ""patch_path"": ""outputs/plant_region_audit/patches/20251021_131728_region_02.jpg""}, {""region_id"": 3, ""bounding_box"": [256, 539, 376, 612], ""patch_box"": [221, 504, 411, 647], ""green_area"": 2681, ""patch_path"": ""outputs/plant_region_audit/patches/20251021_131728_region_03.jpg""}, {""region_id"": 4, ""bounding_box"": [227, 708, 400, 845], ""patch_box"": [192, 673, 435, 880], ""green_area"": 5491, ""patch_path"": ""outputs/plant_region_audit/patches/20251021_131728_region_04.jpg""}, {""region_id"": 5, ""bounding_box"": [249, 1027, 396, 1136], ""patch_box"": [214, 992, 431, 1171], ""green_area"": 2987, ""patch_path"": ""outputs/plant_region_audit/patches/20251021_131728_region_05.jpg""}]","[""outputs/plant_region_audit/patches/20251021_131728_region_01.jpg"", ""outputs/plant_region_audit/patches/20251021_131728_region_02.jpg"", ""outputs/plant_region_audit/patches/20251021_131728_region_03.jpg"", ""outputs/plant_region_audit/patches/20251021_131728_region_04.jpg"", ""outputs/plant_region_audit/patches/20251021_131728_region_05.jpg""]",detected,approved,Vegetation mask and high-resolution region proposals approved.
20251021_160221.jpg,val,5.5,medium_3_8,outputs/frame_audit/crops/20251021_160221_crop.jpg,outputs/plant_region_audit/masks/20251021_160221_vegetation.png,outputs/plant_region_audit/overlays/20251021_160221_regions.jpg,1407,1402,28172,0.0142815573649989,6,"[{""region_id"": 1, ""bounding_box"": [451, 192, 597, 333], ""patch_box"": [416, 157, 632, 368], ""green_area"": 5589, ""patch_path"": ""outputs/plant_region_audit/patches/20251021_160221_region_01.jpg""}, {""region_id"": 2, ""bounding_box"": [1114, 815, 1257, 943], ""patch_box"": [1079, 780, 1292, 978], ""green_area"": 4538, ""patch_path"": ""outputs/plant_region_audit/patches/20251021_160221_region_02.jpg""}, {""region_id"": 3, ""bounding_box"": [24, 851, 191, 1016], ""patch_box"": [0, 816, 226, 1051], ""green_area"": 9087, ""patch_path"": ""outputs/plant_region_audit/patches/20251021_160221_region_03.jpg""}, {""region_id"": 4, ""bounding_box"": [482, 870, 631, 963], ""patch_box"": [447, 835, 666, 998], ""green_area"": 4732, ""patch_path"": ""outputs/plant_region_audit/patches/20251021_160221_region_04.jpg""}, {""region_id"": 5, ""bounding_box"": [1292, 910, 1396, 1008], ""patch_box"": [1257, 875, 1407, 1043], ""green_area"": 2688, ""patch_path"": ""outputs/plant_region_audit/patches/20251021_160221_region_05.jpg""}, {""region_id"": 6, ""bounding_box"": [1304, 1147, 1374, 1240], ""patch_box"": [1269, 1112, 1407, 1275], ""green_area"": 1538, ""patch_path"": ""outputs/plant_region_audit/patches/20251021_160221_region_06.jpg""}]","[""outputs/plant_region_audit/patches/20251021_160221_region_01.jpg"", ""outputs/plant_region_audit/patches/20251021_160221_region_02.jpg"", ""outputs/plant_region_audit/patches/20251021_160221_region_03.jpg"", ""outputs/plant_region_audit/patches/20251021_160221_region_04.jpg"", ""outputs/plant_region_audit/patches/20251021_160221_region_05.jpg"", ""outputs/plant_region_audit/patches/20251021_160221_region_06.jpg""]",detected,approved,Vegetation mask and high-resolution region proposals approved.
20251021_122655.jpg,val,7.5,medium_3_8,outputs/frame_audit/crops/20251021_122655_crop.jpg,outputs/plant_region_audit/masks/20251021_122655_vegetation.png,outputs/plant_region_audit/overlays/20251021_122655_regions.jpg,1399,1384,19603,0.0101243869485635,5,"[{""region_id"": 1, ""bounding_box"": [766, 436, 868, 504], ""patch_box"": [731, 401, 903, 539], ""green_area"": 2187, ""patch_path"": ""outputs/plant_region_audit/patches/20251021_122655_region_01.jpg""}, {""region_id"": 2, ""bounding_box"": [1078, 473, 1162, 647], ""patch_box"": [1043, 438, 1197, 682], ""green_area"": 3955, ""patch_path"": ""outputs/plant_region_audit/patches/20251021_122655_region_02.jpg""}, {""region_id"": 3, ""bounding_box"": [460, 475, 535, 571], ""patch_box"": [425, 440, 570, 606], ""green_area"": 2085, ""patch_path"": ""outputs/plant_region_audit/patches/20251021_122655_region_03.jpg""}, {""region_id"": 4, ""bounding_box"": [203, 1119, 357, 1254], ""patch_box"": [168, 1084, 392, 1289], ""green_area"": 6071, ""patch_path"": ""outputs/plant_region_audit/patches/20251021_122655_region_04.jpg""}, {""region_id"": 5, ""bounding_box"": [75, 1163, 190, 1294], ""patch_box"": [40, 1128, 225, 1329], ""green_area"": 5305, ""patch_path"": ""outputs/plant_region_audit/patches/20251021_122655_region_05.jpg""}]","[""outputs/plant_region_audit/patches/20251021_122655_region_01.jpg"", ""outputs/plant_region_audit/patches/20251021_122655_region_02.jpg"", ""outputs/plant_region_audit/patches/20251021_122655_region_03.jpg"", ""outputs/plant_region_audit/patches/20251021_122655_region_04.jpg"", ""outputs/plant_region_audit/patches/20251021_122655_region_05.jpg""]",detected,approved,Vegetation mask and high-resolution region proposals approved.
20251021_130153.jpg,train,9.5,high_8_15,outputs/frame_audit/crops/20251021_130153_crop.jpg,outputs/plant_region_audit/masks/20251021_130153_vegetation.png,outputs/plant_region_audit/overlays/20251021_130153_regions.jpg,1399,1386,30567,0.0157641976798517,6,"[{""region_id"": 1, ""bounding_box"": [855, 399, 940, 539], ""patch_box"": [820, 364, 975, 574], ""green_area"": 3404, ""patch_path"": ""outputs/plant_region_audit/patches/20251021_130153_region_01.jpg""}, {""region_id"": 2, ""bounding_box"": [397, 435, 615, 594], ""patch_box"": [362, 400, 650, 629], ""green_area"": 10005, ""patch_path"": ""outputs/plant_region_audit/patches/20251021_130153_region_02.jpg""}, {""region_id"": 3, ""bounding_box"": [131, 495, 266, 583], ""patch_box"": [96, 460, 301, 618], ""green_area"": 3559, ""patch_path"": ""outputs/plant_region_audit/patches/20251021_130153_region_03.jpg""}, {""region_id"": 4, ""bounding_box"": [996, 1083, 1105, 1181], ""patch_box"": [961, 1048, 1140, 1216], ""green_area"": 2417, ""patch_path"": ""outputs/plant_region_audit/patches/20251021_130153_region_04.jpg""}, {""region_id"": 5, ""bounding_box"": [319, 1104, 400, 1204], ""patch_box"": [284, 1069, 435, 1239], ""green_area"": 3138, ""patch_path"": ""outputs/plant_region_audit/patches/20251021_130153_region_05.jpg""}, {""region_id"": 6, ""bounding_box"": [404, 1117, 554, 1252], ""patch_box"": [369, 1082, 589, 1287], ""green_area"": 8044, ""patch_path"": ""outputs/plant_region_audit/patches/20251021_130153_region_06.jpg""}]","[""outputs/plant_region_audit/patches/20251021_130153_region_01.jpg"", ""outputs/plant_region_audit/patches/20251021_130153_region_02.jpg"", ""outputs/plant_region_audit/patches/20251021_130153_region_03.jpg"", ""outputs/plant_region_audit/patches/20251021_130153_region_04.jpg"", ""outputs/plant_region_audit/patches/20251021_130153_region_05.jpg"", ""outputs/plant_region_audit/patches/20251021_130153_region_06.jpg""]",detected,approved,Vegetation mask and high-resolution region proposals approved.
20251021_154210.jpg,train,11.5,high_8_15,outputs/frame_audit/crops/20251021_154210_crop.jpg,outputs/plant_region_audit/masks/20251021_154210_vegetation.png,outputs/plant_region_audit/overlays/20251021_154210_regions.jpg,1407,1380,27999,0.0144201353481041,5,"[{""region_id"": 1, ""bounding_box"": [840, 339, 1028, 483], ""patch_box"": [805, 304, 1063, 518], ""green_area"": 7952, ""patch_path"": ""outputs/plant_region_audit/patches/20251021_154210_region_01.jpg""}, {""region_id"": 2, ""bounding_box"": [348, 406, 508, 556], ""patch_box"": [313, 371, 543, 591], ""green_area"": 6079, ""patch_path"": ""outputs/plant_region_audit/patches/20251021_154210_region_02.jpg""}, {""region_id"": 3, ""bounding_box"": [584, 470, 650, 518], ""patch_box"": [549, 435, 685, 553], ""green_area"": 441, ""patch_path"": ""outputs/plant_region_audit/patches/20251021_154210_region_03.jpg""}, {""region_id"": 4, ""bounding_box"": [283, 1046, 444, 1208], ""patch_box"": [248, 1011, 479, 1243], ""green_area"": 7145, ""patch_path"": ""outputs/plant_region_audit/patches/20251021_154210_region_04.jpg""}, {""region_id"": 5, ""bounding_box"": [579, 1092, 768, 1216], ""patch_box"": [544, 1057, 803, 1251], ""green_area"": 6382, ""patch_path"": ""outputs/plant_region_audit/patches/20251021_154210_region_05.jpg""}]","[""outputs/plant_region_audit/patches/20251021_154210_region_01.jpg"", ""outputs/plant_region_audit/patches/20251021_154210_region_02.jpg"", ""outputs/plant_region_audit/patches/20251021_154210_region_03.jpg"", ""outputs/plant_region_audit/patches/20251021_154210_region_04.jpg"", ""outputs/plant_region_audit/patches/20251021_154210_region_05.jpg""]",detected,approved,Vegetation mask and high-resolution region proposals approved.
20251021_155541.jpg,train,11.5,high_8_15,outputs/frame_audit/crops/20251021_155541_crop.jpg,outputs/plant_region_audit/masks/20251021_155541_vegetation.png,outputs/plant_region_audit/overlays/20251021_155541_regions.jpg,1405,1401,33922,0.01723324214275,7,"[{""region_id"": 1, ""bounding_box"": [197, 111, 384, 280], ""patch_box"": [162, 76, 419, 315], ""green_area"": 8685, ""patch_path"": ""outputs/plant_region_audit/patches/20251021_155541_region_01.jpg""}, {""region_id"": 2, ""bounding_box"": [382, 177, 456, 251], ""patch_box"": [347, 142, 491, 286], ""green_area"": 1253, ""patch_path"": ""outputs/plant_region_audit/patches/20251021_155541_region_02.jpg""}, {""region_id"": 3, ""bounding_box"": [896, 248, 961, 307], ""patch_box"": [861, 213, 996, 342], ""green_area"": 726, ""patch_path"": ""outputs/plant_region_audit/patches/20251021_155541_region_03.jpg""}, {""region_id"": 4, ""bounding_box"": [443, 754, 518, 870], ""patch_box"": [408, 719, 553, 905], ""green_area"": 2323, ""patch_path"": ""outputs/plant_region_audit/patches/20251021_155541_region_04.jpg""}, {""region_id"": 5, ""bounding_box"": [137, 889, 296, 1064], ""patch_box"": [102, 854, 331, 1099], ""green_area"": 8732, ""patch_path"": ""outputs/plant_region_audit/patches/20251021_155541_region_05.jpg""}, {""region_id"": 6, ""bounding_box"": [376, 925, 542, 1033], ""patch_box"": [341, 890, 577, 1068], ""green_area"": 6395, ""patch_path"": ""outputs/plant_region_audit/patches/20251021_155541_region_06.jpg""}, {""region_id"": 7, ""bounding_box"": [745, 935, 921, 1030], ""patch_box"": [710, 900, 956, 1065], ""green_area"": 5808, ""patch_path"": ""outputs/plant_region_audit/patches/20251021_155541_region_07.jpg""}]","[""outputs/plant_region_audit/patches/20251021_155541_region_01.jpg"", ""outputs/plant_region_audit/patches/20251021_155541_region_02.jpg"", ""outputs/plant_region_audit/patches/20251021_155541_region_03.jpg"", ""outputs/plant_region_audit/patches/20251021_155541_region_04.jpg"", ""outputs/plant_region_audit/patches/20251021_155541_region_05.jpg"", ""outputs/plant_region_audit/patches/20251021_155541_region_06.jpg"", ""outputs/plant_region_audit/patches/20251021_155541_region_07.jpg""]",detected,approved,Vegetation mask and high-resolution region proposals approved.
20251021_121525.jpg,train,12.25,high_8_15,outputs/frame_audit/crops/20251021_121525_crop.jpg,outputs/plant_region_audit/masks/20251021_121525_vegetation.png,outputs/plant_region_audit/overlays/20251021_121525_regions.jpg,1404,1343,26391,0.0139962833559259,4,"[{""region_id"": 1, ""bounding_box"": [814, 256, 1072, 376], ""patch_box"": [779, 221, 1107, 411], ""green_area"": 9060, ""patch_path"": ""outputs/plant_region_audit/patches/20251021_121525_region_01.jpg""}, {""region_id"": 2, ""bounding_box"": [116, 843, 426, 1013], ""patch_box"": [81, 808, 461, 1048], ""green_area"": 10504, ""patch_path"": ""outputs/plant_region_audit/patches/20251021_121525_region_02.jpg""}, {""region_id"": 3, ""bounding_box"": [951, 861, 1108, 985], ""patch_box"": [916, 826, 1143, 1020], ""green_area"": 4246, ""patch_path"": ""outputs/plant_region_audit/patches/20251021_121525_region_03.jpg""}, {""region_id"": 4, ""bounding_box"": [704, 905, 805, 1023], ""patch_box"": [669, 870, 840, 1058], ""green_area"": 2581, ""patch_path"": ""outputs/plant_region_audit/patches/20251021_121525_region_04.jpg""}]","[""outputs/plant_region_audit/patches/20251021_121525_region_01.jpg"", ""outputs/plant_region_audit/patches/20251021_121525_region_02.jpg"", ""outputs/plant_region_audit/patches/20251021_121525_region_03.jpg"", ""outputs/plant_region_audit/patches/20251021_121525_region_04.jpg""]",detected,approved,Vegetation mask and high-resolution region proposals approved.
20251021_121253.jpg,val,8.5,high_8_15,outputs/frame_audit/crops/20251021_121253_crop.jpg,outputs/plant_region_audit/masks/20251021_121253_vegetation.png,outputs/plant_region_audit/overlays/20251021_121253_regions.jpg,1400,1383,17083,0.0088229521743621,4,"[{""region_id"": 1, ""bounding_box"": [849, 308, 987, 406], ""patch_box"": [814, 273, 1022, 441], ""green_area"": 3891, ""patch_path"": ""outputs/plant_region_audit/patches/20251021_121253_region_01.jpg""}, {""region_id"": 2, ""bounding_box"": [328, 354, 431, 443], ""patch_box"": [293, 319, 466, 478], ""green_area"": 2086, ""patch_path"": ""outputs/plant_region_audit/patches/20251021_121253_region_02.jpg""}, {""region_id"": 3, ""bounding_box"": [992, 1013, 1096, 1148], ""patch_box"": [957, 978, 1131, 1183], ""green_area"": 4137, ""patch_path"": ""outputs/plant_region_audit/patches/20251021_121253_region_03.jpg""}, {""region_id"": 4, ""bounding_box"": [393, 1038, 573, 1168], ""patch_box"": [358, 1003, 608, 1203], ""green_area"": 6969, ""patch_path"": ""outputs/plant_region_audit/patches/20251021_121253_region_04.jpg""}]","[""outputs/plant_region_audit/patches/20251021_121253_region_01.jpg"", ""outputs/plant_region_audit/patches/20251021_121253_region_02.jpg"", ""outputs/plant_region_audit/patches/20251021_121253_region_03.jpg"", ""outputs/plant_region_audit/patches/20251021_121253_region_04.jpg""]",detected,approved,Vegetation mask and high-resolution region proposals approved.
20251021_130115.jpg,val,8.5,high_8_15,outputs/frame_audit/crops/20251021_130115_crop.jpg,outputs/plant_region_audit/masks/20251021_130115_vegetation.png,outputs/plant_region_audit/overlays/20251021_130115_regions.jpg,1395,1472,16831,0.008196489792738,6,"[{""region_id"": 1, ""bounding_box"": [454, 247, 567, 338], ""patch_box"": [417, 210, 604, 375], ""green_area"": 3653, ""patch_path"": ""outputs/plant_region_audit/patches/20251021_130115_region_01.jpg""}, {""region_id"": 2, ""bounding_box"": [1075, 295, 1224, 436], ""patch_box"": [1038, 258, 1261, 473], ""green_area"": 5110, ""patch_path"": ""outputs/plant_region_audit/patches/20251021_130115_region_02.jpg""}, {""region_id"": 3, ""bounding_box"": [769, 1020, 839, 1135], ""patch_box"": [732, 983, 876, 1172], ""green_area"": 2199, ""patch_path"": ""outputs/plant_region_audit/patches/20251021_130115_region_03.jpg""}, {""region_id"": 4, ""bounding_box"": [347, 1085, 448, 1189], ""patch_box"": [310, 1048, 485, 1226], ""green_area"": 2213, ""patch_path"": ""outputs/plant_region_audit/patches/20251021_130115_region_04.jpg""}, {""region_id"": 5, ""bounding_box"": [482, 1118, 622, 1211], ""patch_box"": [445, 1081, 659, 1248], ""green_area"": 3010, ""patch_path"": ""outputs/plant_region_audit/patches/20251021_130115_region_05.jpg""}, {""region_id"": 6, ""bounding_box"": [513, 1208, 577, 1270], ""patch_box"": [476, 1171, 614, 1307], ""green_area"": 301, ""patch_path"": ""outputs/plant_region_audit/patches/20251021_130115_region_06.jpg""}]","[""outputs/plant_region_audit/patches/20251021_130115_region_01.jpg"", ""outputs/plant_region_audit/patches/20251021_130115_region_02.jpg"", ""outputs/plant_region_audit/patches/20251021_130115_region_03.jpg"", ""outputs/plant_region_audit/patches/20251021_130115_region_04.jpg"", ""outputs/plant_region_audit/patches/20251021_130115_region_05.jpg"", ""outputs/plant_region_audit/patches/20251021_130115_region_06.jpg""]",detected,approved,Vegetation mask and high-resolution region proposals approved.
20251021_155359.jpg,val,9.0,high_8_15,outputs/frame_audit/crops/20251021_155359_crop.jpg,outputs/plant_region_audit/masks/20251021_155359_vegetation.png,outputs/plant_region_audit/overlays/20251021_155359_regions.jpg,1421,1393,42288,0.0213634776880279,9,"[{""region_id"": 1, ""bounding_box"": [963, 207, 1054, 289], ""patch_box"": [927, 171, 1090, 325], ""green_area"": 2479, ""patch_path"": ""outputs/plant_region_audit/patches/20251021_155359_region_01.jpg""}, {""region_id"": 2, ""bounding_box"": [951, 299, 1037, 370], ""patch_box"": [915, 263, 1073, 406], ""green_area"": 2163, ""patch_path"": ""outputs/plant_region_audit/patches/20251021_155359_region_02.jpg""}, {""region_id"": 3, ""bounding_box"": [171, 306, 274, 415], ""patch_box"": [135, 270, 310, 451], ""green_area"": 3126, ""patch_path"": ""outputs/plant_region_audit/patches/20251021_155359_region_03.jpg""}, {""region_id"": 4, ""bounding_box"": [584, 826, 695, 912], ""patch_box"": [548, 790, 731, 948], ""green_area"": 3990, ""patch_path"": ""outputs/plant_region_audit/patches/20251021_155359_region_04.jpg""}, {""region_id"": 5, ""bounding_box"": [1268, 857, 1421, 1039], ""patch_box"": [1232, 821, 1421, 1075], ""green_area"": 6895, ""patch_path"": ""outputs/plant_region_audit/patches/20251021_155359_region_05.jpg""}, {""region_id"": 6, ""bounding_box"": [1126, 858, 1231, 1038], ""patch_box"": [1090, 822, 1267, 1074], ""green_area"": 5885, ""patch_path"": ""outputs/plant_region_audit/patches/20251021_155359_region_06.jpg""}, {""region_id"": 7, ""bounding_box"": [968, 886, 1052, 1018], ""patch_box"": [932, 850, 1088, 1054], ""green_area"": 3283, ""patch_path"": ""outputs/plant_region_audit/patches/20251021_155359_region_07.jpg""}, {""region_id"": 8, ""bounding_box"": [309, 891, 426, 1026], ""patch_box"": [273, 855, 462, 1062], ""green_area"": 3877, ""patch_path"": ""outputs/plant_region_audit/patches/20251021_155359_region_08.jpg""}, {""region_id"": 9, ""bounding_box"": [543, 906, 790, 1105], ""patch_box"": [507, 870, 826, 1141], ""green_area"": 10590, ""patch_path"": ""outputs/plant_region_audit/patches/20251021_155359_region_09.jpg""}]","[""outputs/plant_region_audit/patches/20251021_155359_region_01.jpg"", ""outputs/plant_region_audit/patches/20251021_155359_region_02.jpg"", ""outputs/plant_region_audit/patches/20251021_155359_region_03.jpg"", ""outputs/plant_region_audit/patches/20251021_155359_region_04.jpg"", ""outputs/plant_region_audit/patches/20251021_155359_region_05.jpg"", ""outputs/plant_region_audit/patches/20251021_155359_region_06.jpg"", ""outputs/plant_region_audit/patches/20251021_155359_region_07.jpg"", ""outputs/plant_region_audit/patches/20251021_155359_region_08.jpg"", ""outputs/plant_region_audit/patches/20251021_155359_region_09.jpg""]",detected,approved,Vegetation mask and high-resolution region proposals approved.
20251021_162246.jpg,val,14.5,high_8_15,outputs/frame_audit/crops/20251021_162246_crop.jpg,outputs/plant_region_audit/masks/20251021_162246_vegetation.png,outputs/plant_region_audit/overlays/20251021_162246_regions.jpg,1400,1426,21219,0.0106286315367661,9,"[{""region_id"": 1, ""bounding_box"": [460, 263, 556, 404], ""patch_box"": [424, 227, 592, 440], ""green_area"": 4014, ""patch_path"": ""outputs/plant_region_audit/patches/20251021_162246_region_01.jpg""}, {""region_id"": 2, ""bounding_box"": [521, 384, 623, 477], ""patch_box"": [485, 348, 659, 513], ""green_area"": 3515, ""patch_path"": ""outputs/plant_region_audit/patches/20251021_162246_region_02.jpg""}, {""region_id"": 3, ""bounding_box"": [1157, 946, 1235, 1013], ""patch_box"": [1121, 910, 1271, 1049], ""green_area"": 1554, ""patch_path"": ""outputs/plant_region_audit/patches/20251021_162246_region_03.jpg""}, {""region_id"": 4, ""bounding_box"": [718, 972, 851, 1088], ""patch_box"": [682, 936, 887, 1124], ""green_area"": 4366, ""patch_path"": ""outputs/plant_region_audit/patches/20251021_162246_region_04.jpg""}, {""region_id"": 5, ""bounding_box"": [955, 974, 1026, 1089], ""patch_box"": [919, 938, 1062, 1125], ""green_area"": 2054, ""patch_path"": ""outputs/plant_region_audit/patches/20251021_162246_region_05.jpg""}, {""region_id"": 6, ""bounding_box"": [892, 991, 962, 1061], ""patch_box"": [856, 955, 998, 1097], ""green_area"": 1107, ""patch_path"": ""outputs/plant_region_audit/patches/20251021_162246_region_06.jpg""}, {""region_id"": 7, ""bounding_box"": [552, 996, 634, 1083], ""patch_box"": [516, 960, 670, 1119], ""green_area"": 2087, ""patch_path"": ""outputs/plant_region_audit/patches/20251021_162246_region_07.jpg""}, {""region_id"": 8, ""bounding_box"": [659, 996, 717, 1074], ""patch_box"": [623, 960, 753, 1110], ""green_area"": 1258, ""patch_path"": ""outputs/plant_region_audit/patches/20251021_162246_region_08.jpg""}, {""region_id"": 9, ""bounding_box"": [1118, 1003, 1185, 1070], ""patch_box"": [1082, 967, 1221, 1106], ""green_area"": 1264, ""patch_path"": ""outputs/plant_region_audit/patches/20251021_162246_region_09.jpg""}]","[""outputs/plant_region_audit/patches/20251021_162246_region_01.jpg"", ""outputs/plant_region_audit/patches/20251021_162246_region_02.jpg"", ""outputs/plant_region_audit/patches/20251021_162246_region_03.jpg"", ""outputs/plant_region_audit/patches/20251021_162246_region_04.jpg"", ""outputs/plant_region_audit/patches/20251021_162246_region_05.jpg"", ""outputs/plant_region_audit/patches/20251021_162246_region_06.jpg"", ""outputs/plant_region_audit/patches/20251021_162246_region_07.jpg"", ""outputs/plant_region_audit/patches/20251021_162246_region_08.jpg"", ""outputs/plant_region_audit/patches/20251021_162246_region_09.jpg""]",detected,approved,Vegetation mask and high-resolution region proposals approved.
20251021_161615.jpg,train,19.75,very_high_15_plus,outputs/frame_audit/crops/20251021_161615_crop.jpg,outputs/plant_region_audit/masks/20251021_161615_vegetation.png,outputs/plant_region_audit/overlays/20251021_161615_regions.jpg,1425,1408,53500,0.0266646730462519,6,"[{""region_id"": 1, ""bounding_box"": [372, 292, 613, 501], ""patch_box"": [336, 256, 649, 537], ""green_area"": 13345, ""patch_path"": ""outputs/plant_region_audit/patches/20251021_161615_region_01.jpg""}, {""region_id"": 2, ""bounding_box"": [1225, 310, 1425, 490], ""patch_box"": [1189, 274, 1425, 526], ""green_area"": 9108, ""patch_path"": ""outputs/plant_region_audit/patches/20251021_161615_region_02.jpg""}, {""region_id"": 3, ""bounding_box"": [864, 329, 1016, 476], ""patch_box"": [828, 293, 1052, 512], ""green_area"": 4543, ""patch_path"": ""outputs/plant_region_audit/patches/20251021_161615_region_03.jpg""}, {""region_id"": 4, ""bounding_box"": [589, 916, 689, 1013], ""patch_box"": [553, 880, 725, 1049], ""green_area"": 1338, ""patch_path"": ""outputs/plant_region_audit/patches/20251021_161615_region_04.jpg""}, {""region_id"": 5, ""bounding_box"": [756, 993, 1167, 1179], ""patch_box"": [720, 957, 1203, 1215], ""green_area"": 16163, ""patch_path"": ""outputs/plant_region_audit/patches/20251021_161615_region_05.jpg""}, {""region_id"": 6, ""bounding_box"": [222, 1004, 438, 1163], ""patch_box"": [186, 968, 474, 1199], ""green_area"": 9003, ""patch_path"": ""outputs/plant_region_audit/patches/20251021_161615_region_06.jpg""}]","[""outputs/plant_region_audit/patches/20251021_161615_region_01.jpg"", ""outputs/plant_region_audit/patches/20251021_161615_region_02.jpg"", ""outputs/plant_region_audit/patches/20251021_161615_region_03.jpg"", ""outputs/plant_region_audit/patches/20251021_161615_region_04.jpg"", ""outputs/plant_region_audit/patches/20251021_161615_region_05.jpg"", ""outputs/plant_region_audit/patches/20251021_161615_region_06.jpg""]",detected,approved,Vegetation mask and high-resolution region proposals approved.
20251021_125215.jpg,train,27.5,very_high_15_plus,outputs/frame_audit/crops/20251021_125215_crop.jpg,outputs/plant_region_audit/masks/20251021_125215_vegetation.png,outputs/plant_region_audit/overlays/20251021_125215_regions.jpg,1413,1385,20153,0.0102978786461966,7,"[{""region_id"": 1, ""bounding_box"": [482, 294, 608, 431], ""patch_box"": [447, 259, 643, 466], ""green_area"": 3987, ""patch_path"": ""outputs/plant_region_audit/patches/20251021_125215_region_01.jpg""}, {""region_id"": 2, ""bounding_box"": [774, 305, 896, 407], ""patch_box"": [739, 270, 931, 442], ""green_area"": 2785, ""patch_path"": ""outputs/plant_region_audit/patches/20251021_125215_region_02.jpg""}, {""region_id"": 3, ""bounding_box"": [912, 328, 1019, 420], ""patch_box"": [877, 293, 1054, 455], ""green_area"": 1912, ""patch_path"": ""outputs/plant_region_audit/patches/20251021_125215_region_03.jpg""}, {""region_id"": 4, ""bounding_box"": [491, 912, 595, 992], ""patch_box"": [456, 877, 630, 1027], ""green_area"": 3036, ""patch_path"": ""outputs/plant_region_audit/patches/20251021_125215_region_04.jpg""}, {""region_id"": 5, ""bounding_box"": [1289, 954, 1391, 1098], ""patch_box"": [1254, 919, 1413, 1133], ""green_area"": 5125, ""patch_path"": ""outputs/plant_region_audit/patches/20251021_125215_region_05.jpg""}, {""region_id"": 6, ""bounding_box"": [989, 963, 1070, 1072], ""patch_box"": [954, 928, 1105, 1107], ""green_area"": 2460, ""patch_path"": ""outputs/plant_region_audit/patches/20251021_125215_region_06.jpg""}, {""region_id"": 7, ""bounding_box"": [920, 1021, 986, 1086], ""patch_box"": [885, 986, 1021, 1121], ""green_area"": 782, ""patch_path"": ""outputs/plant_region_audit/patches/20251021_125215_region_07.jpg""}]","[""outputs/plant_region_audit/patches/20251021_125215_region_01.jpg"", ""outputs/plant_region_audit/patches/20251021_125215_region_02.jpg"", ""outputs/plant_region_audit/patches/20251021_125215_region_03.jpg"", ""outputs/plant_region_audit/patches/20251021_125215_region_04.jpg"", ""outputs/plant_region_audit/patches/20251021_125215_region_05.jpg"", ""outputs/plant_region_audit/patches/20251021_125215_region_06.jpg"", ""outputs/plant_region_audit/patches/20251021_125215_region_07.jpg""]",detected,approved,Vegetation mask and high-resolution region proposals approved.
20251021_122445.jpg,train,28.75,very_high_15_plus,outputs/frame_audit/crops/20251021_122445_crop.jpg,outputs/plant_region_audit/masks/20251021_122445_vegetation.png,outputs/plant_region_audit/overlays/20251021_122445_regions.jpg,1382,1419,29720,0.015155084653284,7,"[{""region_id"": 1, ""bounding_box"": [224, 217, 474, 374], ""patch_box"": [189, 182, 509, 409], ""green_area"": 12286, ""patch_path"": ""outputs/plant_region_audit/patches/20251021_122445_region_01.jpg""}, {""region_id"": 2, ""bounding_box"": [1063, 778, 1177, 903], ""patch_box"": [1028, 743, 1212, 938], ""green_area"": 3931, ""patch_path"": ""outputs/plant_region_audit/patches/20251021_122445_region_02.jpg""}, {""region_id"": 3, ""bounding_box"": [1337, 817, 1381, 868], ""patch_box"": [1302, 782, 1382, 903], ""green_area"": 243, ""patch_path"": ""outputs/plant_region_audit/patches/20251021_122445_region_03.jpg""}, {""region_id"": 4, ""bounding_box"": [588, 857, 687, 1004], ""patch_box"": [553, 822, 722, 1039], ""green_area"": 4541, ""patch_path"": ""outputs/plant_region_audit/patches/20251021_122445_region_04.jpg""}, {""region_id"": 5, ""bounding_box"": [784, 887, 860, 998], ""patch_box"": [749, 852, 895, 1033], ""green_area"": 2129, ""patch_path"": ""outputs/plant_region_audit/patches/20251021_122445_region_05.jpg""}, {""region_id"": 6, ""bounding_box"": [252, 910, 344, 1016], ""patch_box"": [217, 875, 379, 1051], ""green_area"": 2778, ""patch_path"": ""outputs/plant_region_audit/patches/20251021_122445_region_06.jpg""}, {""region_id"": 7, ""bounding_box"": [345, 915, 472, 1016], ""patch_box"": [310, 880, 507, 1051], ""green_area"": 3812, ""patch_path"": ""outputs/plant_region_audit/patches/20251021_122445_region_07.jpg""}]","[""outputs/plant_region_audit/patches/20251021_122445_region_01.jpg"", ""outputs/plant_region_audit/patches/20251021_122445_region_02.jpg"", ""outputs/plant_region_audit/patches/20251021_122445_region_03.jpg"", ""outputs/plant_region_audit/patches/20251021_122445_region_04.jpg"", ""outputs/plant_region_audit/patches/20251021_122445_region_05.jpg"", ""outputs/plant_region_audit/patches/20251021_122445_region_06.jpg"", ""outputs/plant_region_audit/patches/20251021_122445_region_07.jpg""]",detected,approved,Vegetation mask and high-resolution region proposals approved.
20251021_123237.jpg,val,15.25,very_high_15_plus,outputs/frame_audit/crops/20251021_123237_crop.jpg,outputs/plant_region_audit/masks/20251021_123237_vegetation.png,outputs/plant_region_audit/overlays/20251021_123237_regions.jpg,1420,1397,28515,0.0143743635758718,11,"[{""region_id"": 1, ""bounding_box"": [417, 215, 568, 351], ""patch_box"": [381, 179, 604, 387], ""green_area"": 6140, ""patch_path"": ""outputs/plant_region_audit/patches/20251021_123237_region_01.jpg""}, {""region_id"": 2, ""bounding_box"": [647, 239, 764, 345], ""patch_box"": [611, 203, 800, 381], ""green_area"": 2093, ""patch_path"": ""outputs/plant_region_audit/patches/20251021_123237_region_02.jpg""}, {""region_id"": 3, ""bounding_box"": [1017, 241, 1156, 380], ""patch_box"": [981, 205, 1192, 416], ""green_area"": 4767, ""patch_path"": ""outputs/plant_region_audit/patches/20251021_123237_region_03.jpg""}, {""region_id"": 4, ""bounding_box"": [215, 288, 311, 359], ""patch_box"": [179, 252, 347, 395], ""green_area"": 2094, ""patch_path"": ""outputs/plant_region_audit/patches/20251021_123237_region_04.jpg""}, {""region_id"": 5, ""bounding_box"": [1280, 299, 1401, 383], ""patch_box"": [1244, 263, 1420, 419], ""green_area"": 2713, ""patch_path"": ""outputs/plant_region_audit/patches/20251021_123237_region_05.jpg""}, {""region_id"": 6, ""bounding_box"": [202, 768, 250, 823], ""patch_box"": [166, 732, 286, 859], ""green_area"": 227, ""patch_path"": ""outputs/plant_region_audit/patches/20251021_123237_region_06.jpg""}, {""region_id"": 7, ""bounding_box"": [657, 955, 776, 1080], ""patch_box"": [621, 919, 812, 1116], ""green_area"": 2789, ""patch_path"": ""outputs/plant_region_audit/patches/20251021_123237_region_07.jpg""}, {""region_id"": 8, ""bounding_box"": [824, 958, 924, 1064], ""patch_box"": [788, 922, 960, 1100], ""green_area"": 2893, ""patch_path"": ""outputs/plant_region_audit/patches/20251021_123237_region_08.jpg""}, {""region_id"": 9, ""bounding_box"": [985, 972, 1121, 1078], ""patch_box"": [949, 936, 1157, 1114], ""green_area"": 3253, ""patch_path"": ""outputs/plant_region_audit/patches/20251021_123237_region_09.jpg""}, {""region_id"": 10, ""bounding_box"": [591, 985, 653, 1064], ""patch_box"": [555, 949, 689, 1100], ""green_area"": 1075, ""patch_path"": ""outputs/plant_region_audit/patches/20251021_123237_region_10.jpg""}, {""region_id"": 11, ""bounding_box"": [1300, 1304, 1396, 1341], ""patch_box"": [1264, 1268, 1420, 1377], ""green_area"": 295, ""patch_path"": ""outputs/plant_region_audit/patches/20251021_123237_region_11.jpg""}]","[""outputs/plant_region_audit/patches/20251021_123237_region_01.jpg"", ""outputs/plant_region_audit/patches/20251021_123237_region_02.jpg"", ""outputs/plant_region_audit/patches/20251021_123237_region_03.jpg"", ""outputs/plant_region_audit/patches/20251021_123237_region_04.jpg"", ""outputs/plant_region_audit/patches/20251021_123237_region_05.jpg"", ""outputs/plant_region_audit/patches/20251021_123237_region_06.jpg"", ""outputs/plant_region_audit/patches/20251021_123237_region_07.jpg"", ""outputs/plant_region_audit/patches/20251021_123237_region_08.jpg"", ""outputs/plant_region_audit/patches/20251021_123237_region_09.jpg"", ""outputs/plant_region_audit/patches/20251021_123237_region_10.jpg"", ""outputs/plant_region_audit/patches/20251021_123237_region_11.jpg""]",detected,approved,Vegetation mask and high-resolution region proposals approved.
20251021_162630.jpg,val,17.25,very_high_15_plus,outputs/frame_audit/crops/20251021_162630_crop.jpg,outputs/plant_region_audit/masks/20251021_162630_vegetation.png,outputs/plant_region_audit/overlays/20251021_162630_regions.jpg,1401,1399,21190,0.0108112300057295,4,"[{""region_id"": 1, ""bounding_box"": [89, 129, 224, 260], ""patch_box"": [54, 94, 259, 295], ""green_area"": 4315, ""patch_path"": ""outputs/plant_region_audit/patches/20251021_162630_region_01.jpg""}, {""region_id"": 2, ""bounding_box"": [875, 152, 1143, 298], ""patch_box"": [840, 117, 1178, 333], ""green_area"": 11452, ""patch_path"": ""outputs/plant_region_audit/patches/20251021_162630_region_02.jpg""}, {""region_id"": 3, ""bounding_box"": [385, 840, 503, 981], ""patch_box"": [350, 805, 538, 1016], ""green_area"": 4591, ""patch_path"": ""outputs/plant_region_audit/patches/20251021_162630_region_03.jpg""}, {""region_id"": 4, ""bounding_box"": [1012, 951, 1072, 1014], ""patch_box"": [977, 916, 1107, 1049], ""green_area"": 832, ""patch_path"": ""outputs/plant_region_audit/patches/20251021_162630_region_04.jpg""}]","[""outputs/plant_region_audit/patches/20251021_162630_region_01.jpg"", ""outputs/plant_region_audit/patches/20251021_162630_region_02.jpg"", ""outputs/plant_region_audit/patches/20251021_162630_region_03.jpg"", ""outputs/plant_region_audit/patches/20251021_162630_region_04.jpg""]",detected,approved,Vegetation mask and high-resolution region proposals approved.
20251021_124947.jpg,val,20.75,very_high_15_plus,outputs/frame_audit/crops/20251021_124947_crop.jpg,outputs/plant_region_audit/masks/20251021_124947_vegetation.png,outputs/plant_region_audit/overlays/20251021_124947_regions.jpg,1403,1390,59510,0.0305152884107539,11,"[{""region_id"": 1, ""bounding_box"": [1079, 244, 1312, 393], ""patch_box"": [1044, 209, 1347, 428], ""green_area"": 11606, ""patch_path"": ""outputs/plant_region_audit/patches/20251021_124947_region_01.jpg""}, {""region_id"": 2, ""bounding_box"": [554, 300, 694, 431], ""patch_box"": [519, 265, 729, 466], ""green_area"": 6837, ""patch_path"": ""outputs/plant_region_audit/patches/20251021_124947_region_02.jpg""}, {""region_id"": 3, ""bounding_box"": [358, 335, 485, 428], ""patch_box"": [323, 300, 520, 463], ""green_area"": 3034, ""patch_path"": ""outputs/plant_region_audit/patches/20251021_124947_region_03.jpg""}, {""region_id"": 4, ""bounding_box"": [1187, 849, 1367, 1017], ""patch_box"": [1152, 814, 1402, 1052], ""green_area"": 8665, ""patch_path"": ""outputs/plant_region_audit/patches/20251021_124947_region_04.jpg""}, {""region_id"": 5, ""bounding_box"": [810, 874, 975, 1004], ""patch_box"": [775, 839, 1010, 1039], ""green_area"": 7102, ""patch_path"": ""outputs/plant_region_audit/patches/20251021_124947_region_05.jpg""}, {""region_id"": 6, ""bounding_box"": [989, 889, 1101, 1046], ""patch_box"": [954, 854, 1136, 1081], ""green_area"": 6178, ""patch_path"": ""outputs/plant_region_audit/patches/20251021_124947_region_06.jpg""}, {""region_id"": 7, ""bounding_box"": [651, 891, 752, 978], ""patch_box"": [616, 856, 787, 1013], ""green_area"": 2201, ""patch_path"": ""outputs/plant_region_audit/patches/20251021_124947_region_07.jpg""}, {""region_id"": 8, ""bounding_box"": [384, 918, 508, 1026], ""patch_box"": [349, 883, 543, 1061], ""green_area"": 4386, ""patch_path"": ""outputs/plant_region_audit/patches/20251021_124947_region_08.jpg""}, {""region_id"": 9, ""bounding_box"": [551, 918, 631, 1019], ""patch_box"": [516, 883, 666, 1054], ""green_area"": 2466, ""patch_path"": ""outputs/plant_region_audit/patches/20251021_124947_region_09.jpg""}, {""region_id"": 10, ""bounding_box"": [234, 974, 348, 1072], ""patch_box"": [199, 939, 383, 1107], ""green_area"": 2878, ""patch_path"": ""outputs/plant_region_audit/patches/20251021_124947_region_10.jpg""}, {""region_id"": 11, ""bounding_box"": [128, 1008, 238, 1120], ""patch_box"": [93, 973, 273, 1155], ""green_area"": 4157, ""patch_path"": ""outputs/plant_region_audit/patches/20251021_124947_region_11.jpg""}]","[""outputs/plant_region_audit/patches/20251021_124947_region_01.jpg"", ""outputs/plant_region_audit/patches/20251021_124947_region_02.jpg"", ""outputs/plant_region_audit/patches/20251021_124947_region_03.jpg"", ""outputs/plant_region_audit/patches/20251021_124947_region_04.jpg"", ""outputs/plant_region_audit/patches/20251021_124947_region_05.jpg"", ""outputs/plant_region_audit/patches/20251021_124947_region_06.jpg"", ""outputs/plant_region_audit/patches/20251021_124947_region_07.jpg"", ""outputs/plant_region_audit/patches/20251021_124947_region_08.jpg"", ""outputs/plant_region_audit/patches/20251021_124947_region_09.jpg"", ""outputs/plant_region_audit/patches/20251021_124947_region_10.jpg"", ""outputs/plant_region_audit/patches/20251021_124947_region_11.jpg""]",detected,approved,Vegetation mask and high-resolution region proposals approved.
