resistance_rank,plot_group,avg_pred_damage,avg_true_damage,image_count,genotype,location,experiment,split
1,294_R4S_228_Orlando_49_6,1.1501739025115967,1.5,1,Orlando,Gross-Gerau,Insects,val
2,262_R4S_234_Yephir_44_3,1.2650270462036133,0.5,1,Yephir,Gross-Gerau,Insects,train
3,279_R4S_542_Smaragd_47_3,1.380180835723877,2.25,1,Smaragd,Gross-Gerau,Insects,train
4,115_R4S_514_R31_20_6,1.3848220109939575,4.75,1,R31,Gross-Gerau,Insects,train
5,43_R4S_326_Tipperarz *Magnificent(_8_6,1.7466233968734741,1.75,3,Tipperarz *Magnificent(,Gross-Gerau,Insects,train
6,7_R4S_318_SENSATION NY_2_6,1.7827946345011394,2.0666666825612388,3,SENSATION NY,Gross-Gerau,Insects,val
7,199_R4S_388_Liporta_34_6,1.8198681672414143,1.6666666666666667,3,Liporta,Gross-Gerau,Insects,train
8,58_R4S_207_Phil_10_3,1.8652312755584717,4.875,2,Phil,Gross-Gerau,Insects,val
9,109_R4S_187_AMBER X COMMANCHE DH LINE_19_1,1.8777605295181274,1.75,1,AMBER X COMMANCHE DH LINE,Gross-Gerau,Insects,val
10,93_R4S_502_LG Aviron_16_4,1.8857316970825195,2.125,2,LG Aviron,Gross-Gerau,Insects,train
11,54_R4S_543_Smaragd_9_6,1.8873593211174011,3.25,2,Smaragd,Gross-Gerau,Insects,train
12,91_R4S_505_Express 617_16_6,1.8988484144210815,1.25,2,Express 617,Gross-Gerau,Insects,val
13,211_R4S_359_SIBERISCHE BOERENKOOL_36_6,1.9057181278864543,1.650000015894572,3,SIBERISCHE BOERENKOOL,Gross-Gerau,Insects,train
14,121_R4S_147_Picasso_21_1,1.9958544969558716,1.5,1,Picasso,Gross-Gerau,Insects,train
15,18_R4S_286_Ramses_3_6,2.0258731842041016,2.25,2,Ramses,Gross-Gerau,Insects,train
16,218_R4S_498_R4S_NPY2_37_2,2.0486035346984863,2.25,1,R4S_NPY2,Gross-Gerau,Insects,train
17,223_RAS_320_Best of All_38_6,2.095354994138082,1.3000000317891438,3,RAS_320_Best of All,Gross-Gerau,Insects,train
18,312_Smaragd_52_1,2.110381603240967,4.25,1,Smaragd,Gross-Gerau,Insects,train
19,187_R4S_492_FELICIANO KWS_32_6,2.12359619140625,3.0,1,FELICIANO KWS,Gross-Gerau,Insects,test
20,266_R4S_335_Dalo Trifolium_45_2,2.1614885330200195,2.125,2,Dalo Trifolium,Gross-Gerau,Insects,train
21,307_Smaragd_52_6,2.1913686990737915,3.25,2,Smaragd,Gross-Gerau,Insects,train
22,5_Smaragd_1_5,2.209102749824524,1.25,2,Smaragd,Gross-Gerau,Insects,train
23,134_R4S_345_Bangholm PT_23_2,2.2581543922424316,0.9833333094914755,3,Bangholm PT,Gross-Gerau,Insects,test
24,10_R4S_325_Tankard Bronye Top_2_3,2.2660884857177734,14.75,1,Tankard Bronye Top,Gross-Gerau,Insects,train
25,119_R4S_391_Jantar_20_2,2.3001659214496613,1.5,2,Jantar,Gross-Gerau,Insects,train
26,15_R4S_150_Montego_3_3,2.339035749435425,2.0,1,Montego,Gross-Gerau,Insects,train
27,212_R4S_274_Guelyower Oelquell_36_5,2.3417632579803467,2.5,1,Guelyower Oelquell,Gross-Gerau,Insects,train
28,215_R4S_458_FS94.3_36_2,2.3563990592956543,6.0,1,FS94.3,Gross-Gerau,Insects,train
29,270_R4S_232_Beluga_45_6,2.3711161613464355,2.75,1,Beluga,Gross-Gerau,Insects,train
30,282_R4S_332_Hollandse Gele Roodkop_47_6,2.3848752975463867,10.25,2,Hollandse Gele Roodkop,Gross-Gerau,Insects,train
31,188_R4S_322_Essex Model_32_5,2.3905718326568604,0.5,1,Essex Model,Gross-Gerau,Insects,train
32,79_R4S_312_TAIWAN_14_6,2.3953428665796914,1.9166666666666667,3,TAIWAN,Gross-Gerau,Insects,train
33,234_R4S_447_K306_39_6,2.404533863067627,2.0,1,K306,Gross-Gerau,Insects,test
34,6_Smaragd_1_6,2.427043914794922,3.75,3,Smaragd,Gross-Gerau,Insects,train
35,26_R4S_494_DSV1_5_2,2.4321680068969727,4.5,1,DSV1,Gross-Gerau,Insects,val
36,176_R4S_164_Fortis_30_5,2.4401180744171143,0.75,1,Fortis,Gross-Gerau,Insects,train
37,131_R4S_373_25629/3_22_2,2.4665069580078125,3.25,2,25629/3,Gross-Gerau,Insects,train
38,169_R4S_149_Rapid_29_1,2.5288403034210205,1.75,1,Rapid,Gross-Gerau,Insects,val
39,308_Smaragd_52_5,2.5668468475341797,2.25,1,Smaragd,Gross-Gerau,Insects,test
40,197_R4S_371_MOANA MOANA RAPE_33_5,2.596404552459717,2.25,1,MOANA MOANA RAPE,Gross-Gerau,Insects,train
41,74_R4S_197_Samourai_13_2,2.603721857070923,1.5,2,Samourai,Gross-Gerau,Insects,test
42,171_R4S_534_WINFRED_29_3,2.632119297981262,1.75,2,WINFRED,Gross-Gerau,Insects,train
43,200_R4S_313_FORTIN FAMILZ_34_5,2.6456143856048584,5.75,1,FORTIN FAMILZ,Gross-Gerau,Insects,train
44,136_R4S_500_LG Atlas_23_4,2.653887927532196,2.175000011920929,2,LG Atlas,Gross-Gerau,Insects,train
45,114_R4S_424_R18_19_6,2.6666576862335205,1.75,2,R18,Gross-Gerau,Insects,train
46,243_R4S_515_R31_41_3,2.668902277946472,3.625,2,R31,Gross-Gerau,Insects,train
47,78_R4S_205_RESZN/H048_13_6,2.735231876373291,7.0,1,RESZN/H048,Gross-Gerau,Insects,train
48,165_R4S_346_Angus_28_4,2.7485746145248413,2.625,2,Angus,Gross-Gerau,Insects,train
49,87_R4S_256_Ladoga_15_3,2.8100754419962564,4.166666666666667,3,Ladoga,Gross-Gerau,Insects,train
50,161_R4S_247_Madrigal_27_5,2.8160854975382485,4.833333333333333,3,Madrigal,Gross-Gerau,Insects,train
51,217_R4S_552_ALLESANDRO KWS_37_1,2.8430335521698,12.25,1,ALLESANDRO KWS,Gross-Gerau,Insects,train
52,30_R4S_236_Baros_5_6,2.8432637453079224,1.75,2,Baros,Gross-Gerau,Insects,train
53,158_R4S_231_Campari_27_2,2.8570433457692466,3.4166666666666665,3,Campari,Gross-Gerau,Insects,train
54,71_R4S_169_Tenor_12_2,2.872496545314789,3.0,2,Tenor,Gross-Gerau,Insects,train
55,42_R4S_170_Kvintett_7_6,2.873611052831014,2.75,3,Kvintett,Gross-Gerau,Insects,train
56,21_R4S_278_Libritta_4_4,2.8856948614120483,2.5,3,Libritta,Gross-Gerau,Insects,train
57,125_R4S_144_Adder_21_5,2.8948704401652017,6.083333333333333,3,Adder,Gross-Gerau,Insects,test
58,106_R4S_483_OLL 1_18_3,2.9195191860198975,4.0,2,OLL 1,Gross-Gerau,Insects,test
59,163_R4S_525_Taisetsu_28_6,2.9324965476989746,3.5,1,Taisetsu,Gross-Gerau,Insects,train
60,272_R4S_533_WINFRED_46_5,2.937342564264933,2.25,3,WINFRED,Gross-Gerau,Insects,train
61,56_R4S_501_LG Avenger_10_5,3.096425414085388,2.75,2,LG Avenger,Gross-Gerau,Insects,train
62,227_R4S_506_Express 617_38_2,3.139169931411743,3.25,1,Express 617,Gross-Gerau,Insects,train
63,235_R4S_193_LICROWN X EXPRESS DH LINE_40_6,3.1495927572250366,3.25,2,LICROWN X EXPRESS DH LINE,Gross-Gerau,Insects,train
64,247_R4S_456_S17_42_6,3.2137272357940674,3.0,1,S17,Gross-Gerau,Insects,val
65,50_R4S_204_Leopard_9_2,3.2138290405273438,4.125,2,Leopard,Gross-Gerau,Insects,test
66,82_R4S_355_RAPID CZCLING RAPE *CrGC5(_14_3,3.2222936153411865,5.833333333333333,3,RAPID CZCLING RAPE *CrGC5(,Gross-Gerau,Insects,test
67,238_R4S_162_Recital_40_3,3.247486114501953,9.75,1,Recital,Gross-Gerau,Insects,train
68,51_R4S_319_Altasweet_9_3,3.331355929374695,4.5,2,Altasweet,Gross-Gerau,Insects,train
69,2_Smaragd_1_2,3.33833509683609,3.375,2,Smaragd,Gross-Gerau,Insects,train
70,3_Smaragd_1_3,3.347022771835327,3.875,2,Smaragd,Gross-Gerau,Insects,train
71,100_R4S_251_Lisabeth_17_4,3.365161657333374,8.0,1,Lisabeth,Gross-Gerau,Insects,test
72,261_R4S_227_Wotan_44_4,3.391412337621053,3.1666666666666665,3,Wotan,Gross-Gerau,Insects,train
73,101_R4S_375_Vinnickij 15&59_17_5,3.4073266983032227,4.625,2,Vinnickij 15&59,Gross-Gerau,Insects,val
74,103_R4S_223_BIENVENU DH4_18_6,3.4458654324213662,3.0833333333333335,3,BIENVENU DH4,Gross-Gerau,Insects,train
75,175_R4S_148_Rodeo_30_6,3.4682756662368774,3.0250000953674316,2,Rodeo,Gross-Gerau,Insects,train
76,269_R4S_235_Nugget_45_5,3.5143231550852456,3.5,3,Nugget,Gross-Gerau,Insects,train
77,41_R4S_294_R53_7_5,3.5331814289093018,7.0,1,R53,Gross-Gerau,Insects,train
78,152_R4S_182_Pollen_26_5,3.5397650003433228,5.875,2,Pollen,Gross-Gerau,Insects,train
79,90_R4S_252_Lirajet_15_6,3.551685333251953,3.0,3,Lirajet,Gross-Gerau,Insects,test
80,154_R4S_457_H31_26_3,3.5631884733835855,4.583333333333333,3,H31,Gross-Gerau,Insects,train
81,63_R4S_300_Michinaku natane_11_3,3.5751559734344482,3.183333396911621,3,Michinaku natane,Gross-Gerau,Insects,test
82,209_R4S_219_Lesira_35_5,3.666684150695801,3.25,2,Lesira,Gross-Gerau,Insects,train
83,4_Smaragd_1_4,3.6952337423960366,11.833333333333334,3,Smaragd,Gross-Gerau,Insects,train
84,20_R4S_199_Maplus_4_5,3.711836020151774,2.5,3,Maplus,Gross-Gerau,Insects,train
85,27_R4S_530_WINFRED_5_3,3.785533308982849,8.75,2,WINFRED,Gross-Gerau,Insects,train
86,99_R4S_317_PIKE_17_3,3.793851375579834,4.0,2,PIKE,Gross-Gerau,Insects,train
87,107_R4S_451_S5_18_2,3.814730167388916,7.0,1,S5,Gross-Gerau,Insects,val
88,166_R4S_495_DSV2_28_3,3.8310706615448,3.5,3,DSV2,Gross-Gerau,Insects,val
89,11_R4S_443_J 104_2_2,3.8455851078033447,9.5,1,J 104,Gross-Gerau,Insects,train
90,157_R4S_225_Barrel_27_1,3.84799325466156,3.125,2,Barrel,Gross-Gerau,Insects,train
91,105_R4S_183_Prince_18_4,3.866804599761963,7.25,2,Prince,Gross-Gerau,Insects,train
92,186_R4S_397_Brink_31_6,3.8996654748916626,3.5,2,Brink,Gross-Gerau,Insects,train
93,252_R4S_471_H61_42_1,3.981358528137207,5.875,2,H61,Gross-Gerau,Insects,train
94,139_R4S_378_Sobotkowski_24_6,3.990455150604248,6.25,1,Sobotkowski,Gross-Gerau,Insects,train
95,117_R4S_159_Lipton_20_4,4.005111455917358,7.25,2,Lipton,Gross-Gerau,Insects,val
96,31_R4S_377_Sonnengold_6_6,4.032302975654602,3.5,2,Sonnengold,Gross-Gerau,Insects,train
97,45_R4S_531_WINFRED_8_4,4.032879829406738,2.5,2,WINFRED,Gross-Gerau,Insects,train
98,292_R4S_485_K29_49_4,4.033760070800781,5.0,1,K29,Gross-Gerau,Insects,train
99,159_R4S_185_NK Passion_27_3,4.072834412256877,3.6666666666666665,3,NK Passion,Gross-Gerau,Insects,train
100,94_R4S_513_R31_16_3,4.194194078445435,5.25,2,R31,Gross-Gerau,Insects,train
101,281_R4S_202_Mohican_47_5,4.264166355133057,7.5,1,Mohican,Gross-Gerau,Insects,train
102,224_R4S_245_Roxet_38_5,4.386175274848938,3.75,2,Roxet,Gross-Gerau,Insects,train
103,75_R4S_487_S13_13_3,4.425551414489746,7.5,2,S13,Gross-Gerau,Insects,train
104,214_R4S_270_Ceres_36_3,4.485456228256226,5.875,2,Ceres,Gross-Gerau,Insects,train
105,174_R4S_200_Darmor_29_6,4.529658476511638,2.6666666666666665,3,Darmor,Gross-Gerau,Insects,test
106,129_R4S_540_Smaragd_22_4,4.594785690307617,3.825000047683716,2,Smaragd,Gross-Gerau,Insects,train
107,233_R4S_551_ALLESANDRO KWS_39_5,4.631726264953613,2.25,1,ALLESANDRO KWS,Gross-Gerau,Insects,val
108,220_R4S_497_R4S_NPY1_37_4,4.768814563751221,3.875,2,R4S_NPY1,Gross-Gerau,Insects,train
109,271_R4S_171_Falstaff_46_6,4.794128974278768,3.6666666666666665,3,Falstaff,Gross-Gerau,Insects,train
110,222_R4S_293_K26/96_37_6,4.828505754470825,5.625,2,K26/96,Gross-Gerau,Insects,train
111,164_R4S_454_S3_28_5,4.833978891372681,4.875,2,S3,Gross-Gerau,Insects,val
112,311_Smaragd_52_2,4.844386100769043,3.75,3,Smaragd,Gross-Gerau,Insects,val
113,150_R4S_444_1012/98_25_6,4.857885003089905,4.224999904632568,2,1012/98,Gross-Gerau,Insects,train
114,221_R4S_466_L90_37_5,4.883545875549316,3.5,1,L90,Gross-Gerau,Insects,train
115,167_R4S_157_BRISTOL_28_2,4.9040913581848145,3.875,2,BRISTOL,Gross-Gerau,Insects,test
116,16_R4S_459_S14_3_4,4.953579902648926,5.125,2,S14,Gross-Gerau,Insects,train
117,55_R4S_440_R59_10_6,4.970441818237305,4.25,1,R59,Gross-Gerau,Insects,train
118,190_R4S_357_E94197_32_3,4.986255168914795,5.5,2,E94197,Gross-Gerau,Insects,train
119,35_R4S_151_Ontario_6_2,5.002268552780151,3.125,2,Ontario,Gross-Gerau,Insects,test
120,8_R4S_184_NK Nemax_2_5,5.011259476343791,3.5833333333333335,3,NK Nemax,Gross-Gerau,Insects,val
121,195_R4S_367_English Giant_33_3,5.026048898696899,5.75,3,English Giant,Gross-Gerau,Insects,test
122,260_R4S_449_G50_44_5,5.036842505137126,4.25,3,G50,Gross-Gerau,Insects,train
123,22_R4S_271_Coriander_4_3,5.058944225311279,5.25,1,Coriander,Gross-Gerau,Insects,test
124,69_R4S_504_Express 617_12_4,5.24089777469635,3.25,2,Express 617,Gross-Gerau,Insects,val
125,62_R4S_539_Smaragd_11_2,5.243717511494954,4.166666666666667,3,Smaragd,Gross-Gerau,Insects,train
126,299_R4S_143_Robust_50_2,5.311404228210449,4.75,1,Robust,Gross-Gerau,Insects,train
127,151_R4S_145_Milena_26_6,5.320464611053467,5.0,2,Milena,Gross-Gerau,Insects,train
128,193_R4S_532_WINFRED_33_1,5.341561436653137,7.875,2,WINFRED,Gross-Gerau,Insects,train
129,88_R4S_172_Aragon_15_4,5.425910949707031,7.25,1,Aragon,Gross-Gerau,Insects,val
130,237_R4S_334_Sator Oetofte_40_4,5.5156896114349365,5.625,2,Sator Oetofte,Gross-Gerau,Insects,train
131,143_R4S_289_Start_24_2,5.519225358963013,5.0,2,Start,Gross-Gerau,Insects,test
132,38_R4S_292_V8_7_2,5.552621841430664,10.0,1,V8,Gross-Gerau,Insects,val
133,290_R4S_211_Lirabon_49_2,5.57529083887736,4.333333333333333,3,Lirabon,Gross-Gerau,Insects,test
134,198_R4S_496_DSV3_33_6,5.623119354248047,6.333333333333333,3,DSV3,Gross-Gerau,Insects,test
135,116_R4S_452_G56_20_5,5.759435713291168,7.050000190734863,2,G56,Gross-Gerau,Insects,train
136,289_R4S_154_Cooper_49_1,5.764700412750244,9.25,1,Cooper,Gross-Gerau,Insects,train
137,204_R4S_327_Zork_34_1,5.844838261604309,5.5,2,Zork,Gross-Gerau,Insects,val
138,231_R4S_405_L239_39_3,5.9458327293396,7.625,2,L239,Gross-Gerau,Insects,train
139,283_R4S_429_L122_48_6,6.035446484883626,6.333333333333333,3,L122,Gross-Gerau,Insects,test
140,203_R4S_438_R99_34_2,6.044534683227539,13.0,1,R99,Gross-Gerau,Insects,train
141,32_R4S_240_Musette_6_5,6.055059591929118,5.0,3,Musette,Gross-Gerau,Insects,train
142,210_R4S_422_G89_35_6,6.203264236450195,14.5,1,G89,Gross-Gerau,Insects,val
143,274_R4S_163_Magnum_46_3,6.203604698181152,6.333333333333333,3,Magnum,Gross-Gerau,Insects,train
144,44_R4S_217_JANETYKIS SCHLESISCHER_8_5,6.214094638824463,7.333333333333333,3,JANETYKIS SCHLESISCHER,Gross-Gerau,Insects,train
145,137_R4S_460_K53_23_5,6.478809356689453,7.166666666666667,3,K53,Gross-Gerau,Insects,train
146,173_R4S_396_Diamant_29_5,6.574131409327189,6.583333333333333,3,Diamant,Gross-Gerau,Insects,train
147,46_R4S_478_H357_8_3,6.671270370483398,8.25,1,H357,Gross-Gerau,Insects,val
148,263_R4S_255_Atlantic_44_2,6.7266890207926435,7.916666666666667,3,Atlantic,Gross-Gerau,Insects,test
149,178_R4S_399_Reszn/Goe H226_30_3,6.737939834594727,6.0,1,Reszn/Goe H226,Gross-Gerau,Insects,train
150,68_R4S_493_KWS ARIANOS_12_5,6.785271167755127,4.0,1,KWS ARIANOS,Gross-Gerau,Insects,val
151,19_R4S_434_J 134_4_6,6.796161413192749,6.25,3,J 134,Gross-Gerau,Insects,train
152,250_R4S_299_Liragruen_42_3,6.8025234540303545,6.416666666666667,3,Liragruen,Gross-Gerau,Insects,train
153,254_R4S_550_ALLESANDRO KWS_43_2,6.914458751678467,4.625,2,ALLESANDRO KWS,Gross-Gerau,Insects,train
154,83_R4S_166_NK Fair_14_2,7.222962776819865,9.333333333333334,3,NK Fair,Gross-Gerau,Insects,train
155,255_R4S_226_Lilian_43_3,7.33138370513916,14.5,1,Lilian,Gross-Gerau,Insects,train
156,59_R4S_329_Rotabaggeue_10_2,7.334267616271973,5.25,2,Rotabaggeue,Gross-Gerau,Insects,train
157,60_R4S_209_Falcon_10_1,7.390966415405273,13.0,1,Falcon,Gross-Gerau,Insects,train
158,300_R4S_218_SHANNON x WINNER DH LINE_50_1,7.4182775020599365,13.0,2,SHANNON x WINNER DH LINE,Gross-Gerau,Insects,train
159,286_R4S_262_Lord_48_3,7.436723073323567,7.583333333333333,3,Lord,Gross-Gerau,Insects,train
160,264_R4S_305_COUVE NABICA_44_1,7.540310859680176,7.0,1,COUVE NABICA,Gross-Gerau,Insects,train
161,268_R4S_264_Allure_45_4,7.550834655761719,17.5,1,Allure,Gross-Gerau,Insects,val
162,17_R4S_395_Dippes_3_5,7.687584002812703,6.666666666666667,3,Dippes,Gross-Gerau,Insects,val
163,92_R4S_316_BRONYE TOP_16_5,7.791175842285156,10.5,1,BRONYE TOP,Gross-Gerau,Insects,train
164,153_R4S_205_RESZN/H048_26_4,7.858932971954346,4.375,2,RESZN/H048,Gross-Gerau,Insects,test
165,213_R4S_237_Loreny_36_4,7.895740985870361,3.0,1,Loreny,Gross-Gerau,Insects,train
166,208_R4S_418_R64_35_4,7.900012493133545,8.5,1,R64,Gross-Gerau,Insects,test
167,207_R4S_541_Smaragd_35_3,7.93749459584554,4.666666666666667,3,Smaragd,Gross-Gerau,Insects,train
168,33_R4S_281_Madora_6_4,7.945522308349609,8.0,1,Madora,Gross-Gerau,Insects,train
169,102_R4S_324_Scotia_17_6,8.072866439819336,4.5,1,Scotia,Gross-Gerau,Insects,train
170,309_Smaragd_52_4,8.089375495910645,9.75,1,Smaragd,Gross-Gerau,Insects,val
171,66_R4S_336_Wilhelmsburger Reform_11_6,8.247799634933472,4.125,2,Wilhelmsburger Reform,Gross-Gerau,Insects,val
172,149_R4S_548_ALLESANDRO KWS_25_5,8.252692619959513,10.583333333333334,3,ALLESANDRO KWS,Gross-Gerau,Insects,train
173,236_R4S_230_Caramba_40_5,8.313468933105469,12.125,2,Caramba,Gross-Gerau,Insects,train
174,305_R4S_524_Taisetsu_51_5,8.333656311035156,12.75,1,Taisetsu,Gross-Gerau,Insects,test
175,65_R4S_490_R8_11_5,8.390323638916016,5.5,1,R8,Gross-Gerau,Insects,val
176,76_R4S_152_Missouri_13_4,8.449630737304688,7.0,1,Missouri,Gross-Gerau,Insects,train
177,258_R4S_516_R31_43_6,8.4525306224823,10.916666666666666,3,R31,Gross-Gerau,Insects,val
178,216_R4S_366_Nunsdale_36_1,8.46879768371582,9.5,1,Nunsdale,Gross-Gerau,Insects,train
179,108_R4S_242_SWGospel_18_1,8.614951610565186,11.125,2,SWGospel,Gross-Gerau,Insects,train
180,141_R4S_448_K160.1.1_24_4,8.630865097045898,11.5,2,K160.1.1,Gross-Gerau,Insects,train
181,179_R4S_263_Agalon_30_2,8.826740860939026,8.5,2,Agalon,Gross-Gerau,Insects,train
182,85_R4S_408_DH5 Oase x Nugget  PBZ061 von NPY_15_1,8.83481470743815,12.083333333333334,3,DH5 Oase x Nugget  PBZ061 von NPY,Gross-Gerau,Insects,test
183,287_R4S_161_OASE_48_2,8.868946075439453,10.25,2,OASE,Gross-Gerau,Insects,train
184,189_R4S_239_SW Sinatra_32_4,8.94276237487793,14.0,1,SW Sinatra,Gross-Gerau,Insects,test
185,67_R4S_229_Jessica_12_6,8.95882785320282,10.125,2,Jessica,Gross-Gerau,Insects,train
186,61_R4S_442_INL 2_11_1,9.021876335144043,17.0,1,INL 2,Gross-Gerau,Insects,val
187,86_R4S_343_Drummonds Purple Top_15_2,9.214694499969482,7.875,2,Drummonds Purple Top,Gross-Gerau,Insects,train
188,267_R4S_290_Trebicska_45_3,9.22452163696289,8.0,1,Trebicska,Gross-Gerau,Insects,train
189,181_R4S_296_EMERALD_31_1,9.359370231628418,13.75,3,EMERALD,Gross-Gerau,Insects,train
190,230_R4S_341_Purple Top_39_2,9.434993743896484,8.25,1,Purple Top,Gross-Gerau,Insects,train
191,205_R4S_358_PI271452_35_1,9.48576831817627,14.25,1,PI271452,Gross-Gerau,Insects,train
192,28_R4S_348_Wilhelmsburger_5_4,9.77493421236674,8.583333333333334,3,Wilhelmsburger,Gross-Gerau,Insects,train
193,183_R4S_254_Capitol_31_3,9.834697723388672,6.25,1,Capitol,Gross-Gerau,Insects,train
194,251_R4S_259_Escort_42_2,10.027252197265625,8.0,2,Escort,Gross-Gerau,Insects,train
195,228_R4S_269_Baltia_38_1,10.128985404968262,9.25,1,Baltia,Gross-Gerau,Insects,train
196,301_R4S_275_Hokkai 3/Go_51_1,10.196634292602539,13.25,1,Hokkai 3/Go,Gross-Gerau,Insects,train
197,29_R4S_179_Ascona_5_5,10.486811637878418,13.75,1,Ascona,Gross-Gerau,Insects,train
198,96_R4S_389_Librador_16_1,10.501545270284018,7.583333333333333,3,Librador,Gross-Gerau,Insects,train
199,49_R4S_427_J 154_9_1,10.63282823562622,11.625,2,J 154,Gross-Gerau,Insects,train
200,194_R4S_428_S35_33_2,10.754274368286133,18.125,2,S35,Gross-Gerau,Insects,train
201,128_R4S_194_LEMBKES MALCHOWER *LENORA(_22_5,10.75454330444336,13.416666666666666,3,LEMBKES MALCHOWER *LENORA(,Gross-Gerau,Insects,train
202,146_R4S_243_Sansibar_25_2,11.0164954662323,3.225000023841858,2,Sansibar,Gross-Gerau,Insects,test
203,140_R4S_244_NK Bravour_24_5,11.071547985076904,11.25,2,NK Bravour,Gross-Gerau,Insects,train
204,206_R4S_489_S16_35_2,11.171617031097412,7.25,2,S16,Gross-Gerau,Insects,train
205,122_R4S_246_Laser_21_2,11.534522652626038,14.875,2,Laser,Gross-Gerau,Insects,train
206,123_R4S_298_Bladkool_21_3,11.590959072113037,15.0,2,Bladkool,Gross-Gerau,Insects,train
207,138_R4S_277_Krapphauser_23_6,11.624137878417969,17.0,1,Krapphauser,Gross-Gerau,Insects,val
208,70_R4S_173_Aurum_12_3,11.636231104532877,8.75,3,Aurum,Gross-Gerau,Insects,train
209,253_R4S_288_Slovenska Krajova_43_1,11.70399284362793,8.0,1,Slovenska Krajova,Gross-Gerau,Insects,train
210,293_R4S_222_HANSEN X GASPARD DH LINE_49_5,11.766679763793945,11.375,2,HANSEN X GASPARD DH LINE,Gross-Gerau,Insects,train
211,259_R4S_383_Moldavia_44_6,12.244513273239136,16.625,2,Moldavia,Gross-Gerau,Insects,train
212,23_R4S_156_Vivol_4_2,12.290529251098633,8.5,1,Vivol,Gross-Gerau,Insects,val
213,98_R4S_417_H355_17_2,12.396802425384521,17.75,2,H355,Gross-Gerau,Insects,test
214,135_R4S_167_Aviso_23_3,12.40565276145935,16.049999952316284,2,Aviso,Gross-Gerau,Insects,train
215,180_R4S_221_MADRIGAL x RECITAL DH LINE_30_1,12.571414947509766,17.166666666666668,3,MADRIGAL x RECITAL DH LINE,Gross-Gerau,Insects,train
216,77_R4S_376_Victor_13_5,12.592949867248535,12.875,2,Victor,Gross-Gerau,Insects,test
217,124_R4S_372_CANARD_21_4,13.020126342773438,22.25,1,CANARD,Gross-Gerau,Insects,train
218,168_R4S_342_Peerless *Acme(_28_1,13.270841598510742,10.5,1,Peerless *Acme(,Gross-Gerau,Insects,train
219,156_R4S_344_Conqueror Bronye Green Top_26_1,13.458451271057129,16.25,2,Conqueror Bronye Green Top,Gross-Gerau,Insects,val
220,1_Smaragd_1_1,13.480469385782877,10.916666666666666,3,Smaragd,Gross-Gerau,Insects,train
221,126_R4S_283_Mztnickij_21_6,13.5438232421875,17.5,2,Mztnickij,Gross-Gerau,Insects,train
222,155_R4S_190_RAFAL DH1_26_2,13.788050015767416,16.833333333333332,3,RAFAL DH1,Gross-Gerau,Insects,val
223,310_Smaragd_52_3,13.916338920593262,15.75,1,Smaragd,Gross-Gerau,Insects,train
224,232_R4S_238_Viking_39_4,14.073953628540039,18.5,1,Viking,Gross-Gerau,Insects,train
225,306_R4S_180_Duell_51_6,14.76294231414795,19.375,2,Duell,Gross-Gerau,Insects,train
226,191_R4S_499_R4S_NPY3_32_2,15.044445037841797,21.5,1,R4S_NPY3,Gross-Gerau,Insects,train
227,72_R4S_386_Major_12_1,15.049537817637125,10.5,3,Major,Gross-Gerau,Insects,test
228,80_R4S_512_R31_14_5,15.127246856689453,18.625,2,R31,Gross-Gerau,Insects,train
229,47_R4S_203_Flip_8_2,15.934152603149414,17.25,1,Flip,Gross-Gerau,Insects,train
230,295_R4S_272_Doral_50_6,16.083046913146973,15.25,2,Doral,Gross-Gerau,Insects,test
231,278_R4S_394_Erra_47_2,16.342453002929688,14.25,1,Erra,Gross-Gerau,Insects,test
232,296_R4S_393_Gross/Luesewityer_50_5,16.34630012512207,27.75,1,Gross/Luesewityer,Gross-Gerau,Insects,test
233,73_R4S_437_S2_13_1,17.010360717773438,12.25,1,S2,Gross-Gerau,Insects,train
234,110_R4S_522_Taisetsu_19_2,17.384984334309895,17.333333333333332,3,Taisetsu,Gross-Gerau,Insects,train
235,48_R4S_406_S30_8_1,17.481847763061523,8.5,1,S30,Gross-Gerau,Insects,val
236,36_R4S_433_SEM_6_1,17.49547052383423,19.125,2,SEM,Gross-Gerau,Insects,train
237,25_R4S_387_Lirafit_5_1,17.54529571533203,11.5,1,Lirafit,Gross-Gerau,Insects,train
238,104_R4S_364_Silona_18_5,17.85297393798828,10.0,1,Silona,Gross-Gerau,Insects,test
239,13_R4S_212_Askari_3_1,18.099923610687256,16.25,2,Askari,Gross-Gerau,Insects,val
240,12_R4S_470_A4C34_2_1,18.17755381266276,20.75,3,A4C34,Gross-Gerau,Insects,val
241,265_R4S_189_CAPRICORN DH1_45_1,18.549888610839844,15.25,1,CAPRICORN DH1,Gross-Gerau,Insects,val
242,147_R4S_220_EUROL_25_3,18.928909301757812,16.5,1,EUROL,Gross-Gerau,Insects,test
243,291_R4S_362_BRAUNER SCHNITTKOHL_49_3,18.992496490478516,15.5,1,BRAUNER SCHNITTKOHL,Gross-Gerau,Insects,train
244,144_R4S_379_Skryesyowicki_24_1,20.186548233032227,19.625,2,Skryesyowicki,Gross-Gerau,Insects,train
245,120_R4S_158_Lipid_20_1,21.862796783447266,44.0,1,Lipid,Gross-Gerau,Insects,train
246,303_R4S_301_Parapluie_51_3,22.25497817993164,24.5,1,Parapluie,Gross-Gerau,Insects,train
247,37_R4S_521_Taisetsu_7_1,23.40149688720703,16.75,2,Taisetsu,Gross-Gerau,Insects,train
248,182_R4S_268_Anja_31_2,23.920873641967773,29.375,2,Anja,Gross-Gerau,Insects,train
249,57_R4S_380_Sarepta_10_4,23.990259170532227,28.0,1,Sarepta,Gross-Gerau,Insects,train
250,24_R4S_291_Wolynski_4_1,24.102229118347168,19.875,2,Wolynski,Gross-Gerau,Insects,val
