filename,split,mean_score,score_bin,frame_status,frame_confidence,region_count,plant_pixels,weight_sum,regions_json,mask_path,overlay_path,review_status,missed_plant,false_region,split_or_merged_plant,damaged_tissue_missing,area_weight_usable,review_notes
20251021_161035.jpg,train,1.25,low_0_3,detected,0.8192129406823757,3,16204,1.0,"[{""region_id"": 1, ""mask_pixels"": 5154, ""weight"": 0.3180696124413725, ""patch_box"": [873, 130, 1041, 353]}, {""region_id"": 2, ""mask_pixels"": 2421, ""weight"": 0.1494075536904468, ""patch_box"": [499, 281, 680, 437]}, {""region_id"": 3, ""mask_pixels"": 8629, ""weight"": 0.5325228338681807, ""patch_box"": [262, 873, 535, 1118]}]",outputs/plant_weight_audit/masks/20251021_161035_mask.png,outputs/plant_weight_audit/overlays/20251021_161035_weights.jpg,pass,False,False,False,False,True,Manual visual review approved the plant masks and area weights.
20251021_153602.jpg,train,2.0,low_0_3,detected,0.7937144232861231,6,27210,1.0,"[{""region_id"": 1, ""mask_pixels"": 6834, ""weight"": 0.25115766262403527, ""patch_box"": [996, 143, 1240, 373]}, {""region_id"": 2, ""mask_pixels"": 4351, ""weight"": 0.15990444689452407, ""patch_box"": [712, 205, 934, 363]}, {""region_id"": 3, ""mask_pixels"": 7123, ""weight"": 0.26177875780962884, ""patch_box"": [344, 844, 632, 1054]}, {""region_id"": 4, ""mask_pixels"": 4383, ""weight"": 0.16108048511576625, ""patch_box"": [851, 849, 1079, 1015]}, {""region_id"": 5, ""mask_pixels"": 2694, ""weight"": 0.0990077177508269, ""patch_box"": [252, 867, 403, 1058]}, {""region_id"": 6, ""mask_pixels"": 1825, ""weight"": 0.06707092980521867, ""patch_box"": [28, 897, 193, 1052]}]",outputs/plant_weight_audit/masks/20251021_153602_mask.png,outputs/plant_weight_audit/overlays/20251021_153602_weights.jpg,pass,False,False,False,False,True,Manual visual review approved the plant masks and area weights.
20251021_124417.jpg,train,2.25,low_0_3,detected,0.8086938276678165,4,36936,1.0,"[{""region_id"": 1, ""mask_pixels"": 15351, ""weight"": 0.41561078622482134, ""patch_box"": [769, 352, 1090, 638]}, {""region_id"": 2, ""mask_pixels"": 3993, ""weight"": 0.10810591293047433, ""patch_box"": [323, 362, 503, 566]}, {""region_id"": 3, ""mask_pixels"": 9400, ""weight"": 0.25449426034221356, ""patch_box"": [1136, 403, 1405, 613]}, {""region_id"": 4, ""mask_pixels"": 8192, ""weight"": 0.2217890405024908, ""patch_box"": [838, 991, 1047, 1235]}]",outputs/plant_weight_audit/masks/20251021_124417_mask.png,outputs/plant_weight_audit/overlays/20251021_124417_weights.jpg,pass,False,False,False,False,True,Manual visual review approved the plant masks and area weights.
20251021_154331.jpg,train,2.25,low_0_3,detected,0.8021565745827912,6,22477,1.0,"[{""region_id"": 1, ""mask_pixels"": 4351, ""weight"": 0.19357565511411665, ""patch_box"": [973, 218, 1140, 437]}, {""region_id"": 2, ""mask_pixels"": 4145, ""weight"": 0.18441073096943542, ""patch_box"": [705, 223, 880, 456]}, {""region_id"": 3, ""mask_pixels"": 2817, ""weight"": 0.1253281131823642, ""patch_box"": [430, 250, 610, 443]}, {""region_id"": 4, ""mask_pixels"": 2590, ""weight"": 0.11522890065400186, ""patch_box"": [108, 313, 296, 464]}, {""region_id"": 5, ""mask_pixels"": 1313, ""weight"": 0.05841526894158473, ""patch_box"": [721, 807, 875, 951]}, {""region_id"": 6, ""mask_pixels"": 7261, ""weight"": 0.32304133113849715, ""patch_box"": [421, 946, 651, 1176]}]",outputs/plant_weight_audit/masks/20251021_154331_mask.png,outputs/plant_weight_audit/overlays/20251021_154331_weights.jpg,pass,False,False,False,False,True,Manual visual review approved the plant masks and area weights.
20251021_160738.jpg,train,2.25,low_0_3,detected,0.8228939417045457,3,15525,1.0,"[{""region_id"": 1, ""mask_pixels"": 3814, ""weight"": 0.2456682769726248, ""patch_box"": [1224, 210, 1411, 386]}, {""region_id"": 2, ""mask_pixels"": 6449, ""weight"": 0.41539452495974233, ""patch_box"": [1016, 229, 1254, 437]}, {""region_id"": 3, ""mask_pixels"": 5262, ""weight"": 0.33893719806763284, ""patch_box"": [54, 951, 234, 1172]}]",outputs/plant_weight_audit/masks/20251021_160738_mask.png,outputs/plant_weight_audit/overlays/20251021_160738_weights.jpg,pass,False,False,False,False,True,Manual visual review approved the plant masks and area weights.
20251021_130744.jpg,val,1.25,low_0_3,detected,0.8386727259508217,7,30287,1.0,"[{""region_id"": 1, ""mask_pixels"": 2340, ""weight"": 0.0772608710007594, ""patch_box"": [920, 245, 1071, 399]}, {""region_id"": 2, ""mask_pixels"": 6329, ""weight"": 0.20896754383068644, ""patch_box"": [281, 273, 467, 523]}, {""region_id"": 3, ""mask_pixels"": 3433, ""weight"": 0.11334896160068676, ""patch_box"": [1285, 280, 1387, 494]}, {""region_id"": 4, ""mask_pixels"": 2224, ""weight"": 0.07343084491696107, ""patch_box"": [858, 309, 1010, 469]}, {""region_id"": 5, ""mask_pixels"": 1604, ""weight"": 0.05296001584838379, ""patch_box"": [0, 387, 102, 535]}, {""region_id"": 6, ""mask_pixels"": 9847, ""weight"": 0.32512299006174267, ""patch_box"": [325, 994, 607, 1242]}, {""region_id"": 7, ""mask_pixels"": 4510, ""weight"": 0.14890877274077988, ""patch_box"": [33, 1077, 281, 1235]}]",outputs/plant_weight_audit/masks/20251021_130744_mask.png,outputs/plant_weight_audit/overlays/20251021_130744_weights.jpg,pass,False,False,False,False,True,Manual visual review approved the plant masks and area weights.
20251021_161342.jpg,val,1.5,low_0_3,detected,0.8272036512386499,5,36094,1.0,"[{""region_id"": 1, ""mask_pixels"": 10131, ""weight"": 0.28068377015570456, ""patch_box"": [970, 261, 1175, 541]}, {""region_id"": 2, ""mask_pixels"": 10795, ""weight"": 0.299080179531224, ""patch_box"": [408, 354, 681, 631]}, {""region_id"": 3, ""mask_pixels"": 4260, ""weight"": 0.1180251565357123, ""patch_box"": [1207, 882, 1415, 1041]}, {""region_id"": 4, ""mask_pixels"": 7739, ""weight"": 0.214412367706544, ""patch_box"": [893, 988, 1109, 1226]}, {""region_id"": 5, ""mask_pixels"": 3169, ""weight"": 0.08779852607081509, ""patch_box"": [503, 1037, 702, 1210]}]",outputs/plant_weight_audit/masks/20251021_161342_mask.png,outputs/plant_weight_audit/overlays/20251021_161342_weights.jpg,pass,False,False,False,False,True,Manual visual review approved the plant masks and area weights.
20251021_160809.jpg,val,2.45,low_0_3,detected,0.8055104246938773,6,32339,1.0,"[{""region_id"": 1, ""mask_pixels"": 7531, ""weight"": 0.2328767123287671, ""patch_box"": [960, 319, 1181, 532]}, {""region_id"": 2, ""mask_pixels"": 7595, ""weight"": 0.23485574693095024, ""patch_box"": [282, 357, 520, 588]}, {""region_id"": 3, ""mask_pixels"": 5618, ""weight"": 0.17372213117288723, ""patch_box"": [775, 368, 1004, 574]}, {""region_id"": 4, ""mask_pixels"": 1080, ""weight"": 0.03339620891184019, ""patch_box"": [12, 439, 169, 573]}, {""region_id"": 5, ""mask_pixels"": 5048, ""weight"": 0.15609635424719379, ""patch_box"": [852, 927, 1074, 1104]}, {""region_id"": 6, ""mask_pixels"": 5467, ""weight"": 0.16905284640836143, ""patch_box"": [337, 979, 536, 1204]}]",outputs/plant_weight_audit/masks/20251021_160809_mask.png,outputs/plant_weight_audit/overlays/20251021_160809_weights.jpg,pass,False,False,False,False,True,Manual visual review approved the plant masks and area weights.
20251021_160754.jpg,val,2.5,low_0_3,detected,0.8046242029099915,7,25625,1.0,"[{""region_id"": 1, ""mask_pixels"": 7627, ""weight"": 0.2976390243902439, ""patch_box"": [699, 411, 960, 626]}, {""region_id"": 2, ""mask_pixels"": 3317, ""weight"": 0.1294439024390244, ""patch_box"": [1020, 417, 1207, 612]}, {""region_id"": 3, ""mask_pixels"": 7011, ""weight"": 0.2736, ""patch_box"": [48, 428, 296, 619]}, {""region_id"": 4, ""mask_pixels"": 2253, ""weight"": 0.0879219512195122, ""patch_box"": [301, 474, 466, 651]}, {""region_id"": 5, ""mask_pixels"": 286, ""weight"": 0.011160975609756098, ""patch_box"": [81, 665, 196, 786]}, {""region_id"": 6, ""mask_pixels"": 2395, ""weight"": 0.09346341463414634, ""patch_box"": [268, 1044, 429, 1191]}, {""region_id"": 7, ""mask_pixels"": 2736, ""weight"": 0.10677073170731707, ""patch_box"": [269, 1120, 438, 1266]}]",outputs/plant_weight_audit/masks/20251021_160754_mask.png,outputs/plant_weight_audit/overlays/20251021_160754_weights.jpg,pass,False,False,False,False,True,Manual visual review approved the plant masks and area weights.
20251021_131721.jpg,val,3.0,low_0_3,detected,0.853123446341279,6,30575,1.0,"[{""region_id"": 1, ""mask_pixels"": 5559, ""weight"": 0.18181520850367947, ""patch_box"": [197, 389, 426, 599]}, {""region_id"": 2, ""mask_pixels"": 1694, ""weight"": 0.05540474243663124, ""patch_box"": [974, 670, 1134, 840]}, {""region_id"": 3, ""mask_pixels"": 5117, ""weight"": 0.16735895339329518, ""patch_box"": [252, 685, 456, 963]}, {""region_id"": 4, ""mask_pixels"": 5507, ""weight"": 0.18011447260834015, ""patch_box"": [1024, 878, 1245, 1081]}, {""region_id"": 5, ""mask_pixels"": 6932, ""weight"": 0.22672117743254291, ""patch_box"": [296, 901, 507, 1167]}, {""region_id"": 6, ""mask_pixels"": 5766, ""weight"": 0.18858544562551105, ""patch_box"": [298, 1150, 483, 1392]}]",outputs/plant_weight_audit/masks/20251021_131721_mask.png,outputs/plant_weight_audit/overlays/20251021_131721_weights.jpg,pass,False,False,False,False,True,Manual visual review approved the plant masks and area weights.
20251021_151540.jpg,train,3.75,medium_3_8,detected,0.7923335876562003,6,19997,1.0,"[{""region_id"": 1, ""mask_pixels"": 8581, ""weight"": 0.4291143671550733, ""patch_box"": [241, 416, 495, 628]}, {""region_id"": 2, ""mask_pixels"": 4266, ""weight"": 0.21333199979997, ""patch_box"": [770, 437, 945, 629]}, {""region_id"": 3, ""mask_pixels"": 3692, ""weight"": 0.1846276941541231, ""patch_box"": [897, 463, 1095, 615]}, {""region_id"": 4, ""mask_pixels"": 440, ""weight"": 0.022003300495074263, ""patch_box"": [0, 820, 70, 938]}, {""region_id"": 5, ""mask_pixels"": 582, ""weight"": 0.029104365654848228, ""patch_box"": [1030, 985, 1148, 1150]}, {""region_id"": 6, ""mask_pixels"": 2436, ""weight"": 0.12181827274091114, ""patch_box"": [642, 1088, 823, 1281]}]",outputs/plant_weight_audit/masks/20251021_151540_mask.png,outputs/plant_weight_audit/overlays/20251021_151540_weights.jpg,pass,False,False,False,False,True,Manual visual review approved the plant masks and area weights.
20251021_160240.jpg,train,3.75,medium_3_8,detected,0.8083249829369237,5,24299,1.0,"[{""region_id"": 1, ""mask_pixels"": 274, ""weight"": 0.011276184205111322, ""patch_box"": [0, 68, 89, 213]}, {""region_id"": 2, ""mask_pixels"": 9260, ""weight"": 0.38108564138441914, ""patch_box"": [190, 437, 426, 683]}, {""region_id"": 3, ""mask_pixels"": 7294, ""weight"": 0.30017696201489774, ""patch_box"": [972, 989, 1145, 1239]}, {""region_id"": 4, ""mask_pixels"": 623, ""weight"": 0.02563891518169472, ""patch_box"": [1230, 1028, 1355, 1159]}, {""region_id"": 5, ""mask_pixels"": 6848, ""weight"": 0.28182229721387714, ""patch_box"": [147, 1122, 406, 1328]}]",outputs/plant_weight_audit/masks/20251021_160240_mask.png,outputs/plant_weight_audit/overlays/20251021_160240_weights.jpg,pass,False,False,False,False,True,Manual visual review approved the plant masks and area weights.
20251021_155340.jpg,train,4.0,medium_3_8,detected,0.8030809843772625,4,21524,1.0,"[{""region_id"": 1, ""mask_pixels"": 2289, ""weight"": 0.10634640401412376, ""patch_box"": [757, 77, 953, 222]}, {""region_id"": 2, ""mask_pixels"": 5044, ""weight"": 0.2343430589109831, ""patch_box"": [120, 87, 296, 317]}, {""region_id"": 3, ""mask_pixels"": 9512, ""weight"": 0.4419252926965248, ""patch_box"": [786, 702, 1057, 988]}, {""region_id"": 4, ""mask_pixels"": 4679, ""weight"": 0.21738524437836834, ""patch_box"": [377, 767, 592, 955]}]",outputs/plant_weight_audit/masks/20251021_155340_mask.png,outputs/plant_weight_audit/overlays/20251021_155340_weights.jpg,pass,False,False,False,False,True,Manual visual review approved the plant masks and area weights.
20251021_124201.jpg,train,4.5,medium_3_8,detected,0.808413855146718,8,53244,1.0,"[{""region_id"": 1, ""mask_pixels"": 9936, ""weight"": 0.18661257606490872, ""patch_box"": [388, 161, 631, 417]}, {""region_id"": 2, ""mask_pixels"": 7839, ""weight"": 0.14722785665990534, ""patch_box"": [1101, 166, 1357, 348]}, {""region_id"": 3, ""mask_pixels"": 7899, ""weight"": 0.1483547441965292, ""patch_box"": [207, 198, 442, 448]}, {""region_id"": 4, ""mask_pixels"": 6746, ""weight"": 0.12669972203440763, ""patch_box"": [556, 232, 805, 423]}, {""region_id"": 5, ""mask_pixels"": 4831, ""weight"": 0.09073322815716325, ""patch_box"": [807, 243, 1028, 401]}, {""region_id"": 6, ""mask_pixels"": 6943, ""weight"": 0.13039966944632259, ""patch_box"": [590, 854, 806, 1114]}, {""region_id"": 7, ""mask_pixels"": 470, ""weight"": 0.008827285703553452, ""patch_box"": [279, 861, 410, 986]}, {""region_id"": 8, ""mask_pixels"": 8580, ""weight"": 0.16114491773720982, ""patch_box"": [176, 940, 403, 1200]}]",outputs/plant_weight_audit/masks/20251021_124201_mask.png,outputs/plant_weight_audit/overlays/20251021_124201_weights.jpg,pass,False,False,False,False,True,Manual visual review approved the plant masks and area weights.
20251021_162506.jpg,train,5.0,medium_3_8,detected,0.8588891572140714,5,35708,1.0,"[{""region_id"": 1, ""mask_pixels"": 9842, ""weight"": 0.2756245099137448, ""patch_box"": [358, 479, 717, 697]}, {""region_id"": 2, ""mask_pixels"": 4275, ""weight"": 0.11972107090847989, ""patch_box"": [822, 502, 993, 737]}, {""region_id"": 3, ""mask_pixels"": 6594, ""weight"": 0.18466450095216758, ""patch_box"": [888, 1105, 1089, 1359]}, {""region_id"": 4, ""mask_pixels"": 11625, ""weight"": 0.3255572980844629, ""patch_box"": [423, 1107, 691, 1410]}, {""region_id"": 5, ""mask_pixels"": 3372, ""weight"": 0.09443262014114484, ""patch_box"": [0, 1246, 148, 1444]}]",outputs/plant_weight_audit/masks/20251021_162506_mask.png,outputs/plant_weight_audit/overlays/20251021_162506_weights.jpg,pass,False,False,False,False,True,Manual visual review approved the plant masks and area weights.
20251021_160133.jpg,val,4.0,medium_3_8,detected,0.8135315399735953,5,21173,1.0,"[{""region_id"": 1, ""mask_pixels"": 796, ""weight"": 0.03759505029991026, ""patch_box"": [0, 381, 68, 542]}, {""region_id"": 2, ""mask_pixels"": 1612, ""weight"": 0.07613469985358712, ""patch_box"": [200, 394, 365, 527]}, {""region_id"": 3, ""mask_pixels"": 7756, ""weight"": 0.3663155906106834, ""patch_box"": [926, 407, 1156, 635]}, {""region_id"": 4, ""mask_pixels"": 7126, ""weight"": 0.33656071411703586, ""patch_box"": [358, 420, 618, 622]}, {""region_id"": 5, ""mask_pixels"": 3883, ""weight"": 0.18339394511878335, ""patch_box"": [899, 994, 1089, 1167]}]",outputs/plant_weight_audit/masks/20251021_160133_mask.png,outputs/plant_weight_audit/overlays/20251021_160133_weights.jpg,pass,False,False,False,False,True,Manual visual review approved the plant masks and area weights.
20251021_130029.jpg,val,4.5,medium_3_8,detected,0.8177813781831301,4,18529,1.0,"[{""region_id"": 1, ""mask_pixels"": 4077, ""weight"": 0.22003346106103946, ""patch_box"": [252, 276, 449, 460]}, {""region_id"": 2, ""mask_pixels"": 4950, ""weight"": 0.267148793782719, ""patch_box"": [385, 312, 553, 524]}, {""region_id"": 3, ""mask_pixels"": 9239, ""weight"": 0.4986237789411193, ""patch_box"": [421, 949, 688, 1170]}, {""region_id"": 4, ""mask_pixels"": 263, ""weight"": 0.01419396621512224, ""patch_box"": [1077, 987, 1193, 1104]}]",outputs/plant_weight_audit/masks/20251021_130029_mask.png,outputs/plant_weight_audit/overlays/20251021_130029_weights.jpg,pass,False,False,False,False,True,Manual visual review approved the plant masks and area weights.
20251021_155930.jpg,val,4.75,medium_3_8,detected,0.8114417686958845,11,56045,1.0,"[{""region_id"": 1, ""mask_pixels"": 10303, ""weight"": 0.18383441877063075, ""patch_box"": [1024, 41, 1253, 321]}, {""region_id"": 2, ""mask_pixels"": 2883, ""weight"": 0.05144080649478098, ""patch_box"": [1324, 126, 1422, 334]}, {""region_id"": 3, ""mask_pixels"": 11508, ""weight"": 0.20533499866178964, ""patch_box"": [139, 146, 402, 380]}, {""region_id"": 4, ""mask_pixels"": 7520, ""weight"": 0.13417789276474262, ""patch_box"": [427, 147, 614, 401]}, {""region_id"": 5, ""mask_pixels"": 10376, ""weight"": 0.18513694352752252, ""patch_box"": [1095, 782, 1392, 988]}, {""region_id"": 6, ""mask_pixels"": 6110, ""weight"": 0.10901953787135338, ""patch_box"": [711, 789, 921, 1012]}, {""region_id"": 7, ""mask_pixels"": 326, ""weight"": 0.0058167543937907035, ""patch_box"": [1346, 805, 1422, 933]}, {""region_id"": 8, ""mask_pixels"": 2616, ""weight"": 0.04667677758943706, ""patch_box"": [446, 906, 629, 1058]}, {""region_id"": 9, ""mask_pixels"": 1982, ""weight"": 0.035364439289856366, ""patch_box"": [564, 907, 734, 1058]}, {""region_id"": 10, ""mask_pixels"": 2164, ""weight"": 0.03861182977964136, ""patch_box"": [312, 911, 454, 1080]}, {""region_id"": 11, ""mask_pixels"": 257, ""weight"": 0.004585600856454635, ""patch_box"": [0, 954, 61, 1080]}]",outputs/plant_weight_audit/masks/20251021_155930_mask.png,outputs/plant_weight_audit/overlays/20251021_155930_weights.jpg,pass,False,False,False,False,True,Manual visual review approved the plant masks and area weights.
20251021_152415.jpg,val,5.0,medium_3_8,detected,0.7954008574246018,3,16636,1.0,"[{""region_id"": 1, ""mask_pixels"": 4665, ""weight"": 0.2804159653762924, ""patch_box"": [226, 410, 397, 628]}, {""region_id"": 2, ""mask_pixels"": 9346, ""weight"": 0.5617937004087521, ""patch_box"": [437, 427, 710, 676]}, {""region_id"": 3, ""mask_pixels"": 2625, ""weight"": 0.15779033421495553, ""patch_box"": [989, 1026, 1181, 1199]}]",outputs/plant_weight_audit/masks/20251021_152415_mask.png,outputs/plant_weight_audit/overlays/20251021_152415_weights.jpg,pass,False,False,False,False,True,Manual visual review approved the plant masks and area weights.
20251021_161143.jpg,val,7.25,medium_3_8,detected,0.8034271478173998,8,26755,1.0,"[{""region_id"": 1, ""mask_pixels"": 3510, ""weight"": 0.13119043169501027, ""patch_box"": [858, 112, 1028, 318]}, {""region_id"": 2, ""mask_pixels"": 2761, ""weight"": 0.10319566436180153, ""patch_box"": [592, 126, 756, 315]}, {""region_id"": 3, ""mask_pixels"": 5142, ""weight"": 0.19218837600448516, ""patch_box"": [373, 815, 590, 1011]}, {""region_id"": 4, ""mask_pixels"": 3307, ""weight"": 0.12360306484769203, ""patch_box"": [556, 823, 747, 1008]}, {""region_id"": 5, ""mask_pixels"": 2724, ""weight"": 0.10181274528125583, ""patch_box"": [1017, 848, 1180, 1012]}, {""region_id"": 6, ""mask_pixels"": 3661, ""weight"": 0.13683423659129135, ""patch_box"": [1291, 865, 1420, 1036]}, {""region_id"": 7, ""mask_pixels"": 3395, ""weight"": 0.1268921696879088, ""patch_box"": [0, 870, 157, 1098]}, {""region_id"": 8, ""mask_pixels"": 2255, ""weight"": 0.08428331153055503, ""patch_box"": [1083, 909, 1240, 1062]}]",outputs/plant_weight_audit/masks/20251021_161143_mask.png,outputs/plant_weight_audit/overlays/20251021_161143_weights.jpg,pass,False,False,False,False,True,Manual visual review approved the plant masks and area weights.
20251021_124506.jpg,train,9.0,high_8_15,detected,0.8249294021862142,8,34117,1.0,"[{""region_id"": 1, ""mask_pixels"": 1822, ""weight"": 0.05340446111909019, ""patch_box"": [990, 200, 1131, 352]}, {""region_id"": 2, ""mask_pixels"": 2112, ""weight"": 0.06190462232904417, ""patch_box"": [832, 212, 977, 363]}, {""region_id"": 3, ""mask_pixels"": 4616, ""weight"": 0.13529911774188821, ""patch_box"": [420, 232, 644, 402]}, {""region_id"": 4, ""mask_pixels"": 1810, ""weight"": 0.05305273031040244, ""patch_box"": [760, 234, 901, 383]}, {""region_id"": 5, ""mask_pixels"": 3166, ""weight"": 0.0927983116921183, ""patch_box"": [625, 251, 824, 408]}, {""region_id"": 6, ""mask_pixels"": 11580, ""weight"": 0.3394202303836797, ""patch_box"": [145, 818, 464, 1061]}, {""region_id"": 7, ""mask_pixels"": 2753, ""weight"": 0.08069290969311486, ""patch_box"": [618, 822, 780, 1017]}, {""region_id"": 8, ""mask_pixels"": 6258, ""weight"": 0.18342761673066213, ""patch_box"": [1092, 860, 1354, 1052]}]",outputs/plant_weight_audit/masks/20251021_124506_mask.png,outputs/plant_weight_audit/overlays/20251021_124506_weights.jpg,pass,False,False,False,False,True,Manual visual review approved the plant masks and area weights.
20251021_125523.jpg,train,9.0,high_8_15,detected,0.8025684060484576,8,44642,1.0,"[{""region_id"": 1, ""mask_pixels"": 4954, ""weight"": 0.11097173065722862, ""patch_box"": [389, 207, 555, 430]}, {""region_id"": 2, ""mask_pixels"": 9356, ""weight"": 0.209578423905739, ""patch_box"": [963, 208, 1256, 469]}, {""region_id"": 3, ""mask_pixels"": 6491, ""weight"": 0.14540119170288068, ""patch_box"": [403, 911, 660, 1171]}, {""region_id"": 4, ""mask_pixels"": 11816, ""weight"": 0.2646834819228529, ""patch_box"": [877, 923, 1181, 1237]}, {""region_id"": 5, ""mask_pixels"": 5748, ""weight"": 0.12875767214730524, ""patch_box"": [730, 934, 940, 1139]}, {""region_id"": 6, ""mask_pixels"": 3235, ""weight"": 0.07246539133551365, ""patch_box"": [258, 938, 412, 1144]}, {""region_id"": 7, ""mask_pixels"": 2673, ""weight"": 0.05987634962591282, ""patch_box"": [817, 1048, 973, 1210]}, {""region_id"": 8, ""mask_pixels"": 369, ""weight"": 0.00826575870256709, ""patch_box"": [459, 1103, 594, 1230]}]",outputs/plant_weight_audit/masks/20251021_125523_mask.png,outputs/plant_weight_audit/overlays/20251021_125523_weights.jpg,pass,False,False,False,False,True,Manual visual review approved the plant masks and area weights.
20251021_155556.jpg,train,9.0,high_8_15,detected,0.8162619988361105,6,18885,1.0,"[{""region_id"": 1, ""mask_pixels"": 448, ""weight"": 0.02372253110934604, ""patch_box"": [1027, 109, 1147, 233]}, {""region_id"": 2, ""mask_pixels"": 5261, ""weight"": 0.2785808842997088, ""patch_box"": [854, 204, 1087, 418]}, {""region_id"": 3, ""mask_pixels"": 1712, ""weight"": 0.0906539581678581, ""patch_box"": [88, 233, 230, 404]}, {""region_id"": 4, ""mask_pixels"": 5048, ""weight"": 0.26730209160709556, ""patch_box"": [760, 847, 957, 1074]}, {""region_id"": 5, ""mask_pixels"": 4523, ""weight"": 0.23950225046333068, ""patch_box"": [493, 882, 702, 1101]}, {""region_id"": 6, ""mask_pixels"": 1893, ""weight"": 0.10023828435266084, ""patch_box"": [250, 890, 420, 1039]}]",outputs/plant_weight_audit/masks/20251021_155556_mask.png,outputs/plant_weight_audit/overlays/20251021_155556_weights.jpg,pass,False,False,False,False,True,Manual visual review approved the plant masks and area weights.
20251021_122353.jpg,train,10.5,high_8_15,detected,0.8035657265808877,12,39301,1.0,"[{""region_id"": 1, ""mask_pixels"": 2706, ""weight"": 0.06885320984198876, ""patch_box"": [847, 405, 1025, 581]}, {""region_id"": 2, ""mask_pixels"": 3066, ""weight"": 0.07801328210478105, ""patch_box"": [1053, 410, 1217, 598]}, {""region_id"": 3, ""mask_pixels"": 2601, ""weight"": 0.06618152209867434, ""patch_box"": [1150, 422, 1301, 595]}, {""region_id"": 4, ""mask_pixels"": 2752, ""weight"": 0.07002366352001221, ""patch_box"": [764, 436, 923, 608]}, {""region_id"": 5, ""mask_pixels"": 8911, ""weight"": 0.22673723314928373, ""patch_box"": [409, 452, 830, 659]}, {""region_id"": 6, ""mask_pixels"": 6657, ""weight"": 0.1693850029261342, ""patch_box"": [0, 471, 248, 684]}, {""region_id"": 7, ""mask_pixels"": 862, ""weight"": 0.021933284140352664, ""patch_box"": [0, 541, 110, 670]}, {""region_id"": 8, ""mask_pixels"": 1718, ""weight"": 0.043713900409658786, ""patch_box"": [1291, 1096, 1396, 1243]}, {""region_id"": 10, ""mask_pixels"": 2463, ""weight"": 0.06267016106460395, ""patch_box"": [771, 1145, 947, 1313]}, {""region_id"": 9, ""mask_pixels"": 3363, ""weight"": 0.08557034172158469, ""patch_box"": [0, 1146, 110, 1339]}, {""region_id"": 11, ""mask_pixels"": 991, ""weight"": 0.025215643367853237, ""patch_box"": [448, 1216, 593, 1356]}, {""region_id"": 12, ""mask_pixels"": 3211, ""weight"": 0.08170275565507239, ""patch_box"": [76, 1218, 259, 1375]}]",outputs/plant_weight_audit/masks/20251021_122353_mask.png,outputs/plant_weight_audit/overlays/20251021_122353_weights.jpg,pass,False,False,False,False,True,Manual visual review approved the plant masks and area weights.
20251021_123858.jpg,train,13.5,high_8_15,detected,0.8223121108667674,6,40116,0.9999999999999999,"[{""region_id"": 1, ""mask_pixels"": 3088, ""weight"": 0.07697676737461362, ""patch_box"": [870, 281, 1063, 454]}, {""region_id"": 2, ""mask_pixels"": 6685, ""weight"": 0.16664173895702464, ""patch_box"": [7, 294, 179, 537]}, {""region_id"": 3, ""mask_pixels"": 4818, ""weight"": 0.12010170505533951, ""patch_box"": [390, 321, 610, 491]}, {""region_id"": 4, ""mask_pixels"": 7533, ""weight"": 0.18778043673347292, ""patch_box"": [261, 334, 470, 565]}, {""region_id"": 5, ""mask_pixels"": 13849, ""weight"": 0.3452238508325855, ""patch_box"": [1154, 764, 1396, 1055]}, {""region_id"": 6, ""mask_pixels"": 4143, ""weight"": 0.1032755010469638, ""patch_box"": [667, 894, 867, 1091]}]",outputs/plant_weight_audit/masks/20251021_123858_mask.png,outputs/plant_weight_audit/overlays/20251021_123858_weights.jpg,pass,False,False,False,False,True,Manual visual review approved the plant masks and area weights.
20251021_130115.jpg,val,8.5,high_8_15,detected,0.8131717727509528,6,16500,1.0,"[{""region_id"": 1, ""mask_pixels"": 3539, ""weight"": 0.21448484848484847, ""patch_box"": [417, 210, 604, 375]}, {""region_id"": 2, ""mask_pixels"": 5121, ""weight"": 0.31036363636363634, ""patch_box"": [1038, 257, 1260, 472]}, {""region_id"": 3, ""mask_pixels"": 2226, ""weight"": 0.13490909090909092, ""patch_box"": [732, 982, 876, 1172]}, {""region_id"": 4, ""mask_pixels"": 2274, ""weight"": 0.1378181818181818, ""patch_box"": [309, 1048, 487, 1227]}, {""region_id"": 5, ""mask_pixels"": 3048, ""weight"": 0.18472727272727274, ""patch_box"": [444, 1081, 659, 1248]}, {""region_id"": 6, ""mask_pixels"": 292, ""weight"": 0.017696969696969697, ""patch_box"": [476, 1171, 615, 1307]}]",outputs/plant_weight_audit/masks/20251021_130115_mask.png,outputs/plant_weight_audit/overlays/20251021_130115_weights.jpg,pass,False,False,False,False,True,Manual visual review approved the plant masks and area weights.
20251021_130752.jpg,val,8.5,high_8_15,detected,0.8281904168370896,7,22108,0.9999999999999999,"[{""region_id"": 1, ""mask_pixels"": 5536, ""weight"": 0.2504070924552198, ""patch_box"": [742, 403, 982, 592]}, {""region_id"": 2, ""mask_pixels"": 1610, ""weight"": 0.07282431698932514, ""patch_box"": [295, 434, 435, 578]}, {""region_id"": 3, ""mask_pixels"": 2168, ""weight"": 0.09806404921295458, ""patch_box"": [219, 460, 367, 614]}, {""region_id"": 4, ""mask_pixels"": 2355, ""weight"": 0.10652252578252216, ""patch_box"": [785, 1030, 945, 1191]}, {""region_id"": 5, ""mask_pixels"": 5065, ""weight"": 0.2291025872987154, ""patch_box"": [1132, 1041, 1322, 1268]}, {""region_id"": 6, ""mask_pixels"": 3430, ""weight"": 0.15514745793377963, ""patch_box"": [814, 1109, 983, 1270]}, {""region_id"": 7, ""mask_pixels"": 1944, ""weight"": 0.08793197032748326, ""patch_box"": [465, 1115, 624, 1273]}]",outputs/plant_weight_audit/masks/20251021_130752_mask.png,outputs/plant_weight_audit/overlays/20251021_130752_weights.jpg,pass,False,False,False,False,True,Manual visual review approved the plant masks and area weights.
20251021_160610.jpg,val,9.0,high_8_15,detected,0.8337060794275919,6,18964,1.0,"[{""region_id"": 1, ""mask_pixels"": 4623, ""weight"": 0.24377768403290445, ""patch_box"": [508, 140, 715, 341]}, {""region_id"": 2, ""mask_pixels"": 2077, ""weight"": 0.10952330731913099, ""patch_box"": [373, 187, 538, 369]}, {""region_id"": 3, ""mask_pixels"": 3688, ""weight"": 0.1944737397173592, ""patch_box"": [1127, 190, 1321, 384]}, {""region_id"": 4, ""mask_pixels"": 1877, ""weight"": 0.09897700906981649, ""patch_box"": [1022, 278, 1157, 433]}, {""region_id"": 5, ""mask_pixels"": 1503, ""weight"": 0.0792554313435984, ""patch_box"": [951, 286, 1082, 430]}, {""region_id"": 6, ""mask_pixels"": 5196, ""weight"": 0.2739928285171905, ""patch_box"": [309, 917, 466, 1162]}]",outputs/plant_weight_audit/masks/20251021_160610_mask.png,outputs/plant_weight_audit/overlays/20251021_160610_weights.jpg,pass,False,False,False,False,True,Manual visual review approved the plant masks and area weights.
20251021_124940.jpg,val,9.75,high_8_15,detected,0.8180836680847823,5,33604,1.0,"[{""region_id"": 1, ""mask_pixels"": 11120, ""weight"": 0.33091298654922036, ""patch_box"": [358, 312, 658, 548]}, {""region_id"": 2, ""mask_pixels"": 3973, ""weight"": 0.11822997262230686, ""patch_box"": [125, 344, 299, 546]}, {""region_id"": 3, ""mask_pixels"": 8683, ""weight"": 0.2583918581121295, ""patch_box"": [92, 1035, 342, 1309]}, {""region_id"": 4, ""mask_pixels"": 4751, ""weight"": 0.1413819783359124, ""patch_box"": [970, 1048, 1182, 1234]}, {""region_id"": 5, ""mask_pixels"": 5077, ""weight"": 0.1510832043804309, ""patch_box"": [273, 1072, 485, 1251]}]",outputs/plant_weight_audit/masks/20251021_124940_mask.png,outputs/plant_weight_audit/overlays/20251021_124940_weights.jpg,pass,False,False,False,False,True,Manual visual review approved the plant masks and area weights.
20251021_121011.jpg,val,15.0,high_8_15,detected,0.8255408046658995,6,25241,1.0,"[{""region_id"": 1, ""mask_pixels"": 7123, ""weight"": 0.28219959589556676, ""patch_box"": [945, 69, 1197, 290]}, {""region_id"": 2, ""mask_pixels"": 5620, ""weight"": 0.2226536191117626, ""patch_box"": [460, 721, 653, 930]}, {""region_id"": 3, ""mask_pixels"": 2994, ""weight"": 0.11861653658729844, ""patch_box"": [1086, 732, 1273, 916]}, {""region_id"": 4, ""mask_pixels"": 3779, ""weight"": 0.14971673071589875, ""patch_box"": [1227, 747, 1405, 934]}, {""region_id"": 5, ""mask_pixels"": 4036, ""weight"": 0.15989857771086724, ""patch_box"": [28, 770, 214, 961]}, {""region_id"": 6, ""mask_pixels"": 1689, ""weight"": 0.06691493997860623, ""patch_box"": [722, 878, 876, 1011]}]",outputs/plant_weight_audit/masks/20251021_121011_mask.png,outputs/plant_weight_audit/overlays/20251021_121011_weights.jpg,pass,False,False,False,False,True,Manual visual review approved the plant masks and area weights.
20251021_122523.jpg,train,15.25,very_high_15_plus,detected,0.802991937539881,12,43354,1.0,"[{""region_id"": 1, ""mask_pixels"": 8560, ""weight"": 0.19744429579738892, ""patch_box"": [118, 298, 330, 598]}, {""region_id"": 2, ""mask_pixels"": 6027, ""weight"": 0.13901831434239056, ""patch_box"": [570, 298, 743, 566]}, {""region_id"": 3, ""mask_pixels"": 3325, ""weight"": 0.07669419200073811, ""patch_box"": [857, 373, 1035, 558]}, {""region_id"": 4, ""mask_pixels"": 2567, ""weight"": 0.059210222816810446, ""patch_box"": [450, 376, 603, 552]}, {""region_id"": 5, ""mask_pixels"": 2010, ""weight"": 0.04636250403653642, ""patch_box"": [1159, 385, 1314, 576]}, {""region_id"": 6, ""mask_pixels"": 675, ""weight"": 0.015569497624209993, ""patch_box"": [866, 448, 990, 582]}, {""region_id"": 7, ""mask_pixels"": 2896, ""weight"": 0.06679891128846242, ""patch_box"": [394, 476, 555, 638]}, {""region_id"": 8, ""mask_pixels"": 4068, ""weight"": 0.09383217234857222, ""patch_box"": [996, 939, 1171, 1146]}, {""region_id"": 9, ""mask_pixels"": 4784, ""weight"": 0.11034737279143793, ""patch_box"": [1152, 947, 1324, 1197]}, {""region_id"": 10, ""mask_pixels"": 2470, ""weight"": 0.05697282834340545, ""patch_box"": [245, 975, 402, 1152]}, {""region_id"": 11, ""mask_pixels"": 2921, ""weight"": 0.06737555934861836, ""patch_box"": [912, 1004, 1065, 1168]}, {""region_id"": 12, ""mask_pixels"": 3051, ""weight"": 0.07037412926142916, ""patch_box"": [260, 1080, 427, 1239]}]",outputs/plant_weight_audit/masks/20251021_122523_mask.png,outputs/plant_weight_audit/overlays/20251021_122523_weights.jpg,pass,False,False,False,False,True,Manual visual review approved the plant masks and area weights.
20251021_130832.jpg,train,17.5,very_high_15_plus,detected,0.81854169376449,6,16027,1.0,"[{""region_id"": 1, ""mask_pixels"": 6615, ""weight"": 0.412740999563237, ""patch_box"": [202, 87, 428, 324]}, {""region_id"": 2, ""mask_pixels"": 2928, ""weight"": 0.18269170774318338, ""patch_box"": [369, 100, 539, 291]}, {""region_id"": 3, ""mask_pixels"": 1418, ""weight"": 0.08847569726087227, ""patch_box"": [561, 157, 696, 302]}, {""region_id"": 4, ""mask_pixels"": 1152, ""weight"": 0.07187870468584263, ""patch_box"": [506, 179, 639, 318]}, {""region_id"": 5, ""mask_pixels"": 793, ""weight"": 0.0494790041804455, ""patch_box"": [969, 837, 1098, 973]}, {""region_id"": 6, ""mask_pixels"": 3121, ""weight"": 0.19473388656641916, ""patch_box"": [258, 840, 438, 1018]}]",outputs/plant_weight_audit/masks/20251021_130832_mask.png,outputs/plant_weight_audit/overlays/20251021_130832_weights.jpg,pass,False,False,False,False,True,Manual visual review approved the plant masks and area weights.
20251021_125552.jpg,train,18.0,very_high_15_plus,detected,0.8151922628324493,5,26728,0.9999999999999999,"[{""region_id"": 1, ""mask_pixels"": 9761, ""weight"": 0.36519754564501644, ""patch_box"": [253, 249, 541, 482]}, {""region_id"": 2, ""mask_pixels"": 595, ""weight"": 0.022261299012271776, ""patch_box"": [534, 267, 660, 385]}, {""region_id"": 3, ""mask_pixels"": 10265, ""weight"": 0.38405417539658787, ""patch_box"": [419, 919, 732, 1208]}, {""region_id"": 4, ""mask_pixels"": 3450, ""weight"": 0.12907812032325652, ""patch_box"": [881, 944, 1080, 1135]}, {""region_id"": 5, ""mask_pixels"": 2657, ""weight"": 0.0994088596228674, ""patch_box"": [681, 985, 852, 1123]}]",outputs/plant_weight_audit/masks/20251021_125552_mask.png,outputs/plant_weight_audit/overlays/20251021_125552_weights.jpg,pass,False,False,False,False,True,Manual visual review approved the plant masks and area weights.
20251021_153336.jpg,train,18.5,very_high_15_plus,detected,0.7973719000418654,6,23359,1.0000000000000002,"[{""region_id"": 1, ""mask_pixels"": 5256, ""weight"": 0.22500963226165505, ""patch_box"": [194, 270, 468, 499]}, {""region_id"": 2, ""mask_pixels"": 3804, ""weight"": 0.16284943704781882, ""patch_box"": [474, 276, 663, 463]}, {""region_id"": 3, ""mask_pixels"": 1870, ""weight"": 0.0800547968663042, ""patch_box"": [342, 357, 511, 511]}, {""region_id"": 4, ""mask_pixels"": 5251, ""weight"": 0.22479558200265423, ""patch_box"": [1183, 371, 1412, 563]}, {""region_id"": 5, ""mask_pixels"": 2539, ""weight"": 0.10869472152061305, ""patch_box"": [1232, 916, 1410, 1092]}, {""region_id"": 6, ""mask_pixels"": 4639, ""weight"": 0.19859583030095465, ""patch_box"": [744, 971, 950, 1133]}]",outputs/plant_weight_audit/masks/20251021_153336_mask.png,outputs/plant_weight_audit/overlays/20251021_153336_weights.jpg,pass,False,False,False,False,True,Manual visual review approved the plant masks and area weights.
20251021_125317.jpg,train,20.0,very_high_15_plus,detected,0.8213202354343746,7,27887,0.9999999999999999,"[{""region_id"": 1, ""mask_pixels"": 4448, ""weight"": 0.15950084268655645, ""patch_box"": [160, 373, 370, 582]}, {""region_id"": 2, ""mask_pixels"": 3753, ""weight"": 0.134578836016782, ""patch_box"": [901, 419, 1107, 585]}, {""region_id"": 3, ""mask_pixels"": 3230, ""weight"": 0.11582457776024671, ""patch_box"": [510, 434, 715, 596]}, {""region_id"": 4, ""mask_pixels"": 1695, ""weight"": 0.060781009072327606, ""patch_box"": [559, 525, 705, 689]}, {""region_id"": 5, ""mask_pixels"": 8171, ""weight"": 0.29300390863126186, ""patch_box"": [290, 1025, 550, 1332]}, {""region_id"": 6, ""mask_pixels"": 2553, ""weight"": 0.09154803313371822, ""patch_box"": [524, 1037, 697, 1205]}, {""region_id"": 7, ""mask_pixels"": 4037, ""weight"": 0.1447627926991071, ""patch_box"": [1178, 1092, 1367, 1299]}]",outputs/plant_weight_audit/masks/20251021_125317_mask.png,outputs/plant_weight_audit/overlays/20251021_125317_weights.jpg,pass,False,False,False,False,True,Manual visual review approved the plant masks and area weights.
20251021_121034.jpg,val,17.5,very_high_15_plus,detected,0.826199819016995,6,15996,1.0,"[{""region_id"": 1, ""mask_pixels"": 4415, ""weight"": 0.27600650162540635, ""patch_box"": [961, 255, 1169, 460]}, {""region_id"": 2, ""mask_pixels"": 2572, ""weight"": 0.16079019754938734, ""patch_box"": [0, 277, 169, 438]}, {""region_id"": 3, ""mask_pixels"": 1765, ""weight"": 0.11034008502125531, ""patch_box"": [713, 280, 859, 444]}, {""region_id"": 4, ""mask_pixels"": 2124, ""weight"": 0.13278319579894973, ""patch_box"": [975, 966, 1122, 1150]}, {""region_id"": 5, ""mask_pixels"": 2370, ""weight"": 0.14816204051012752, ""patch_box"": [34, 968, 207, 1125]}, {""region_id"": 6, ""mask_pixels"": 2750, ""weight"": 0.17191797949487372, ""patch_box"": [466, 1034, 647, 1180]}]",outputs/plant_weight_audit/masks/20251021_121034_mask.png,outputs/plant_weight_audit/overlays/20251021_121034_weights.jpg,pass,False,False,False,False,True,Manual visual review approved the plant masks and area weights.
20251021_153622.jpg,val,17.5,very_high_15_plus,detected,0.7848065211209462,8,26637,1.0,"[{""region_id"": 1, ""mask_pixels"": 2201, ""weight"": 0.08262942523557458, ""patch_box"": [499, 232, 646, 408]}, {""region_id"": 2, ""mask_pixels"": 2087, ""weight"": 0.07834966400120133, ""patch_box"": [1192, 298, 1366, 477]}, {""region_id"": 3, ""mask_pixels"": 4366, ""weight"": 0.16390734692345235, ""patch_box"": [773, 303, 987, 469]}, {""region_id"": 5, ""mask_pixels"": 3243, ""weight"": 0.12174794458835454, ""patch_box"": [436, 330, 628, 511]}, {""region_id"": 4, ""mask_pixels"": 4712, ""weight"": 0.17689679768742728, ""patch_box"": [39, 331, 260, 515]}, {""region_id"": 6, ""mask_pixels"": 3217, ""weight"": 0.12077185869279573, ""patch_box"": [594, 850, 773, 1046]}, {""region_id"": 7, ""mask_pixels"": 1038, ""weight"": 0.03896835229192477, ""patch_box"": [107, 894, 245, 1052]}, {""region_id"": 8, ""mask_pixels"": 5773, ""weight"": 0.21672861057926943, ""patch_box"": [776, 909, 1016, 1115]}]",outputs/plant_weight_audit/masks/20251021_153622_mask.png,outputs/plant_weight_audit/overlays/20251021_153622_weights.jpg,pass,False,False,False,False,True,Manual visual review approved the plant masks and area weights.
20251021_121100.jpg,val,19.5,very_high_15_plus,detected,0.8160022858289281,7,30248,0.9999999999999999,"[{""region_id"": 1, ""mask_pixels"": 13051, ""weight"": 0.4314665432425284, ""patch_box"": [699, 119, 1006, 390]}, {""region_id"": 2, ""mask_pixels"": 316, ""weight"": 0.010446971700608305, ""patch_box"": [987, 165, 1098, 284]}, {""region_id"": 3, ""mask_pixels"": 916, ""weight"": 0.030282993916953188, ""patch_box"": [919, 767, 1051, 897]}, {""region_id"": 4, ""mask_pixels"": 4525, ""weight"": 0.14959666754826764, ""patch_box"": [1181, 773, 1381, 944]}, {""region_id"": 5, ""mask_pixels"": 4141, ""weight"": 0.13690161332980694, ""patch_box"": [884, 829, 1104, 1007]}, {""region_id"": 6, ""mask_pixels"": 6003, ""weight"": 0.19845940227453054, ""patch_box"": [473, 835, 780, 1016]}, {""region_id"": 7, ""mask_pixels"": 1296, ""weight"": 0.042845807987304946, ""patch_box"": [4, 1093, 138, 1235]}]",outputs/plant_weight_audit/masks/20251021_121100_mask.png,outputs/plant_weight_audit/overlays/20251021_121100_weights.jpg,pass,False,False,False,False,True,Manual visual review approved the plant masks and area weights.
20251021_124932.jpg,val,20.0,very_high_15_plus,detected,0.8185438869641116,10,44881,1.0,"[{""region_id"": 1, ""mask_pixels"": 4498, ""weight"": 0.100220583320336, ""patch_box"": [1253, 268, 1400, 459]}, {""region_id"": 2, ""mask_pixels"": 9381, ""weight"": 0.20901940687596088, ""patch_box"": [840, 333, 1139, 524]}, {""region_id"": 3, ""mask_pixels"": 5105, ""weight"": 0.11374523740558365, ""patch_box"": [268, 375, 439, 594]}, {""region_id"": 4, ""mask_pixels"": 5289, ""weight"": 0.11784496780374769, ""patch_box"": [458, 410, 672, 595]}, {""region_id"": 5, ""mask_pixels"": 1551, ""weight"": 0.03455805351930661, ""patch_box"": [168, 419, 304, 577]}, {""region_id"": 6, ""mask_pixels"": 5122, ""weight"": 0.11412401684454446, ""patch_box"": [1131, 940, 1295, 1144]}, {""region_id"": 7, ""mask_pixels"": 2289, ""weight"": 0.05100153739889931, ""patch_box"": [1007, 955, 1166, 1122]}, {""region_id"": 8, ""mask_pixels"": 4851, ""weight"": 0.10808582696463982, ""patch_box"": [19, 996, 247, 1179]}, {""region_id"": 9, ""mask_pixels"": 4364, ""weight"": 0.0972349100955861, ""patch_box"": [505, 1007, 697, 1204]}, {""region_id"": 10, ""mask_pixels"": 2431, ""weight"": 0.05416545977139547, ""patch_box"": [643, 1008, 801, 1174]}]",outputs/plant_weight_audit/masks/20251021_124932_mask.png,outputs/plant_weight_audit/overlays/20251021_124932_weights.jpg,pass,False,False,False,False,True,Manual visual review approved the plant masks and area weights.
20251021_121047.jpg,val,20.25,very_high_15_plus,detected,0.8067499279286071,8,19390,1.0,"[{""region_id"": 1, ""mask_pixels"": 2406, ""weight"": 0.12408457968024755, ""patch_box"": [0, 39, 116, 218]}, {""region_id"": 2, ""mask_pixels"": 3237, ""weight"": 0.1669417225373904, ""patch_box"": [282, 75, 473, 237]}, {""region_id"": 3, ""mask_pixels"": 1498, ""weight"": 0.07725631768953069, ""patch_box"": [1086, 612, 1256, 771]}, {""region_id"": 4, ""mask_pixels"": 1124, ""weight"": 0.057968024755028366, ""patch_box"": [405, 659, 553, 788]}, {""region_id"": 5, ""mask_pixels"": 1558, ""weight"": 0.08035069623517277, ""patch_box"": [587, 696, 742, 860]}, {""region_id"": 6, ""mask_pixels"": 3463, ""weight"": 0.17859721505930892, ""patch_box"": [115, 719, 303, 900]}, {""region_id"": 7, ""mask_pixels"": 3281, ""weight"": 0.16921093347086127, ""patch_box"": [1238, 1204, 1388, 1388]}, {""region_id"": 8, ""mask_pixels"": 2823, ""weight"": 0.14559051057246003, ""patch_box"": [716, 1268, 896, 1388]}]",outputs/plant_weight_audit/masks/20251021_121047_mask.png,outputs/plant_weight_audit/overlays/20251021_121047_weights.jpg,pass,False,False,False,False,True,Manual visual review approved the plant masks and area weights.
