dataset,model,n,mae,rmse,pearson,spearman,pairwise_gap5,spearman_ci95,plot_level_spearman,n_plots
DSV_Trial_1,constant_train_mean,897,6.035568376629718,8.287189905023727,,,0.3593432731913906,,,
DSV_Trial_1,constant_train_median,897,5.222965440356745,8.531207058116125,,,,,,
DSV_Trial_1,aggregation_weighted_seed42,897,7.900622416233671,9.369763252375286,0.30059907489835386,0.2649906563511242,0.6437631522042963,"[0.20149878690478565, 0.3231750501881898]",0.22599616021543506,299.0
DSV_Trial_1,aggregation_weighted_seed43,897,8.01026392408305,9.455253955507182,0.3096142717806032,0.2703188570134414,0.6478769243751549,"[0.20701587993669107, 0.3308918302848146]",0.23578754006020902,299.0
DSV_Trial_1,aggregation_weighted_seed44,897,7.286638865901475,8.799502986092042,0.3004128593289703,0.25718275574486876,0.6421967543392385,"[0.19272738083930716, 0.3195250404704214]",0.23235357193508285,299.0
DSV_Trial_1,aggregation_uniform_seed42,897,11.337228065881973,12.428428956302312,0.22261673752455038,0.20221664775779968,0.6046506721798246,"[0.13398056321994406, 0.26630047102262766]",0.18085505564640017,299.0
DSV_Trial_1,aggregation_uniform_seed43,897,11.360431328797953,12.458138731690942,0.19697057333788104,0.18569695610981318,0.5920140079216485,"[0.1192314635004881, 0.2517339508844273]",0.15360364701341706,299.0
DSV_Trial_1,aggregation_uniform_seed44,897,11.313982050288613,12.430102684901012,0.2057332024383661,0.1887626607385279,0.5976625335562505,"[0.12529802910107743, 0.2510892661343582]",0.17279649443498016,299.0
DSV_Trial_1,aggregation_abmil_seed42,897,10.724663169886357,11.933002741935526,0.2963352573817693,0.24819148941397062,0.6394806098930946,"[0.1844866494984667, 0.311555793050677]",0.21798880867976425,299.0
DSV_Trial_1,aggregation_abmil_seed43,897,10.055782986325164,11.535598957235672,0.2620816433106155,0.22094513789912318,0.6169497961573148,"[0.15363820796924538, 0.28150418633734176]",0.1760869407057041,299.0
DSV_Trial_1,aggregation_abmil_seed44,897,8.68753842605795,9.953108378540866,0.291367130455496,0.24896624948870952,0.6316855390360061,"[0.18637649369522893, 0.3111406623337032]",0.21209183483417676,299.0
DSV_Trial_1,aggregation_gated_abmil_seed42,897,10.464518731520194,11.844993884366426,0.27517436694900627,0.2238147170182776,0.6233788836910029,"[0.16217171895722612, 0.2892540736157703]",0.2112192489118722,299.0
DSV_Trial_1,aggregation_gated_abmil_seed43,897,8.820008936534359,10.198370707807069,0.28990980778778885,0.24877849144653738,0.6344438760172356,"[0.18777883303232304, 0.30622047688432613]",0.205511616104252,299.0
DSV_Trial_1,aggregation_gated_abmil_seed44,897,10.032045437207854,11.316903086333737,0.29642851692103434,0.24515339725212984,0.6339586618637497,"[0.1768888901401618, 0.3053110612336907]",0.22727662671300483,299.0
DSV_Trial_1,joint_weighted_seed42,897,8.150962616687634,9.710868245362214,0.25765043995288966,0.23068579794983393,0.6199876586834874,"[0.16810084567151787, 0.2927244150480985]",0.16984946743715296,299.0
DSV_Trial_1,joint_weighted_seed43,897,8.320059125638727,9.898827766171506,0.2715533754360119,0.23665054117234535,0.6259631764650039,"[0.17197293249473236, 0.298786962268649]",0.1830914360912874,299.0
DSV_Trial_1,joint_weighted_seed44,897,8.24241396894423,9.709877638055476,0.2851973785643422,0.24858676600075721,0.633283581302378,"[0.18705705100831804, 0.31221005433839244]",0.20954931935399967,299.0
DSV_Trial_1,mil_weighted_seed42,897,8.105068274299171,9.485933200892056,0.30874723364891415,0.27026873819171704,0.6473706139541262,"[0.20651870773263833, 0.3334180419223153]",0.23420924886946656,299.0
GG1_calibration_test,constant_train_mean,73,4.449673053842652,5.630756207406353,,,0.49615055603079555,,,
GG1_calibration_test,constant_train_median,73,4.014383561643836,5.899677841216161,,,,,,
GG1_calibration_test,aggregation_weighted_seed42,73,2.599496102333069,3.7834517373963865,0.7628488173836308,0.765300869770386,0.9247219846022241,"[0.6191471328287945, 0.8564291247126228]",0.8277770695423304,36.0
GG1_calibration_test,aggregation_weighted_seed43,73,2.5683623901785237,3.7814803502948,0.7600377376312644,0.7705008051127913,0.9298545765611634,"[0.6304198968027449, 0.8618639329732232]",0.8149053999801731,36.0
GG1_calibration_test,aggregation_weighted_seed44,73,2.698513521560251,4.005254610616808,0.7277768773892149,0.7541449254007746,0.9178785286569717,"[0.6109265125199391, 0.8478575448460833]",0.8019050137223943,36.0
GG1_calibration_test,aggregation_uniform_seed42,73,2.3950164463422072,3.276006021782169,0.8149723744073614,0.8046629916056265,0.93071000855432,"[0.6903242632713636, 0.874983380431052]",0.8454112568424857,36.0
GG1_calibration_test,aggregation_uniform_seed43,73,2.3827883142314548,3.246774091733512,0.8198620543290908,0.811899696874434,0.9341317365269461,"[0.6953263393256669, 0.8817321381125958]",0.8361436547577324,36.0
GG1_calibration_test,aggregation_uniform_seed44,73,2.4096430236346102,3.292806324615642,0.8136262133618484,0.8064374502536282,0.93071000855432,"[0.6888412563383343, 0.8784157884898669]",0.8312524203241128,36.0
GG1_calibration_test,aggregation_abmil_seed42,73,2.5300360712286545,3.6515106145392418,0.7771643308806963,0.7754847194023965,0.9281437125748503,"[0.6351989957688332, 0.8658275132584619]",0.8317672871065991,36.0
GG1_calibration_test,aggregation_abmil_seed43,73,2.5021286915426386,3.433399325231244,0.7974587942854617,0.7670598983431878,0.9255774165953806,"[0.6234891255172684, 0.866587068481807]",0.8201827845006575,36.0
GG1_calibration_test,aggregation_abmil_seed44,73,2.573844343668794,3.655244540204646,0.7781084560859628,0.7679239825543887,0.9230111206159111,"[0.6305632839251702, 0.8570051318354165]",0.8266186192817362,36.0
GG1_calibration_test,aggregation_gated_abmil_seed42,73,2.58044501102134,3.598481867480837,0.7843761444457085,0.7562588457031767,0.9221556886227545,"[0.6195971819727024, 0.8565525129068701]",0.7993306798099629,36.0
GG1_calibration_test,aggregation_gated_abmil_seed43,73,2.524113608386419,3.499054637142683,0.7923236059375279,0.7698681720295908,0.9264328485885372,"[0.6221718719568444, 0.8654071499059293]",0.8031921806786101,36.0
GG1_calibration_test,aggregation_gated_abmil_seed44,73,2.538128373394274,3.5426903452402243,0.7862531596905352,0.7680474231559888,0.9221556886227545,"[0.6277605079113985, 0.8606745192979408]",0.8210838013700085,36.0
GG1_calibration_test,joint_weighted_seed42,73,2.5111742981492657,3.5072777968879145,0.8011537887502559,0.7832614773032044,0.9341317365269461,"[0.6418440767762676, 0.8718187111959876]",0.8276483528467089,36.0
GG1_calibration_test,joint_weighted_seed43,73,2.4629336234641404,3.6120202678091333,0.7836063437096075,0.7801754622632013,0.9349871685201027,"[0.6529742475987769, 0.8657010025012872]",0.817351017196983,36.0
GG1_calibration_test,joint_weighted_seed44,73,2.5694122288325065,3.782835800847366,0.7663410598309198,0.7794656788040006,0.9298545765611634,"[0.6406653470087069, 0.8663079072401061]",0.8267473359773577,36.0
GG1_calibration_test,mil_weighted_seed42,73,2.590158997169913,3.7781895237620575,0.7546392542484697,0.7641127539799848,0.9247219846022241,"[0.6239553599679573, 0.8580853307516546]",0.8293216698897892,36.0
GG1_heldout_disagreement,constant_train_mean,218,12.855958452285263,14.923118861579727,,,0.4269613674785549,,,
GG1_heldout_disagreement,constant_train_median,218,15.133256880733944,17.001162601907957,,,,,,
GG1_heldout_disagreement,aggregation_weighted_seed42,218,8.887980428310708,10.474295655843953,0.574829487907585,0.6009798252638432,0.7866758499780853,"[0.4889510080161958, 0.6963251855026934]",0.5067315767037597,86.0
GG1_heldout_disagreement,aggregation_weighted_seed43,218,9.22643144305693,10.831555337608206,0.5630190827030811,0.5925548609098038,0.7819798384572036,"[0.48517357698256147, 0.6858560206930794]",0.5071561330424614,86.0
GG1_heldout_disagreement,aggregation_weighted_seed44,218,9.597808639390752,11.163735969155715,0.56987614064329,0.5946828217950466,0.783607789117776,"[0.4877692215834599, 0.6889698095113519]",0.5043917995482481,86.0
GG1_heldout_disagreement,aggregation_uniform_seed42,218,9.122755469532187,10.685698564275054,0.5838676577131068,0.5978469617830926,0.7831068812222153,"[0.4882080402787455, 0.6863944572878034]",0.49895747841286603,86.0
GG1_heldout_disagreement,aggregation_uniform_seed43,218,9.037820083832521,10.63206632861077,0.5731410432756172,0.5885833236778741,0.7783482562143886,"[0.48694298317396484, 0.6806651143584593]",0.4810223317490447,86.0
GG1_heldout_disagreement,aggregation_uniform_seed44,218,9.23868749885384,10.800764050903098,0.5782572922088581,0.594715256691501,0.7820424519441488,"[0.49025010981517897, 0.6867098451441631]",0.4910701650983187,86.0
GG1_heldout_disagreement,aggregation_abmil_seed42,218,10.219218816450978,11.727366069906246,0.5595092156362589,0.5740663907361966,0.7730887233110012,"[0.4691531031886561, 0.6664247571870594]",0.4954572472649031,86.0
GG1_heldout_disagreement,aggregation_abmil_seed43,218,8.960783691253138,10.56932973280187,0.5638830998769431,0.5749039060982164,0.775092354893244,"[0.4622703225461666, 0.6795749322271445]",0.48966441188795073,86.0
GG1_heldout_disagreement,aggregation_abmil_seed44,218,9.938993654885424,11.507276523501517,0.5586821211342604,0.568605165045681,0.7696449815290214,"[0.45798635784933134, 0.6674288752656254]",0.48826809326288734,86.0
GG1_heldout_disagreement,aggregation_gated_abmil_seed42,218,9.756129546668552,11.295885023506974,0.5650427796261458,0.575702615423407,0.7739653121282324,"[0.4560250720809055, 0.6711033757932996]",0.4702386007460211,86.0
GG1_heldout_disagreement,aggregation_gated_abmil_seed43,218,8.958468015040827,10.565964612338485,0.5661624143791184,0.5755786677833846,0.7737774716673972,"[0.4657947551601723, 0.6729313407450087]",0.4785410358139658,86.0
GG1_heldout_disagreement,aggregation_gated_abmil_seed44,218,9.346235229553432,10.939132699339229,0.556734099797923,0.5611845240925702,0.7666395341556571,"[0.45524403027427535, 0.6573508047602276]",0.46670063125684014,86.0
GG1_heldout_disagreement,joint_weighted_seed42,218,8.519518293371988,10.124027314041047,0.5783285422212333,0.611020742494809,0.7928119716987039,"[0.49851340331143484, 0.7020512330889409]",0.5023444945371753,86.0
GG1_heldout_disagreement,joint_weighted_seed43,218,9.022138254904966,10.620946180790618,0.5709488370846177,0.5999726058900172,0.7864253960303049,"[0.49903307695651117, 0.6927766825138982]",0.49515534053515964,86.0
GG1_heldout_disagreement,joint_weighted_seed44,218,8.723197314170523,10.32913672214696,0.5835251399745012,0.6067312274387099,0.7898065243253397,"[0.4987500548721695, 0.6981200610055253]",0.5128546225663689,86.0
GG1_heldout_disagreement,mil_weighted_seed42,218,9.251018562994966,10.81550712539097,0.5736209610925521,0.5958632203481562,0.7837956295786113,"[0.48308441658783485, 0.6905857198903368]",0.5051182626166932,86.0
WG1_Weilburger_Grenze,constant_train_mean,906,4.703581360917148,6.102605316304343,,,,,,
WG1_Weilburger_Grenze,constant_train_median,906,4.097130242825607,6.279719626479869,,,,,,
WG1_Weilburger_Grenze,aggregation_weighted_seed42,906,4.2986339433303735,6.276853127580281,0.12443673986446449,0.04316120455946544,0.5384813688948087,"[-0.0243315231353365, 0.11100400523820936]",0.003609549168822687,302.0
WG1_Weilburger_Grenze,aggregation_weighted_seed43,906,4.36911194174495,6.316252193907514,0.10732569302635808,0.030695059891888015,0.5319505462044963,"[-0.03646406571181028, 0.09583232766613951]",-0.012750150974260317,302.0
WG1_Weilburger_Grenze,aggregation_weighted_seed44,906,4.304072749009459,6.367767127870473,0.09760669956026322,0.02043652856099679,0.5280567580050914,"[-0.049831426909209144, 0.08825914582992542]",-0.027464311732389977,302.0
WG1_Weilburger_Grenze,aggregation_uniform_seed42,906,4.277225271887074,6.187963113186955,0.16487429492731182,0.06098891855434046,0.5372998055791272,"[-0.004695866645540322, 0.1284169313402543]",0.01258579321876226,302.0
WG1_Weilburger_Grenze,aggregation_uniform_seed43,906,4.365088839536208,6.157098332904653,0.16258028238375907,0.06682589964926357,0.5384813688948087,"[0.0031883818981762605, 0.1341396980811864]",0.014507296686554517,302.0
WG1_Weilburger_Grenze,aggregation_uniform_seed44,906,4.27342461987047,6.186129161492819,0.16640744453678727,0.06226158626134329,0.5379066994639999,"[-0.004150131351933552, 0.12833880143794774]",0.017570149236293485,302.0
WG1_Weilburger_Grenze,aggregation_abmil_seed42,906,4.3974714729170135,6.265515900732562,0.09565772272353983,0.0014542326936244222,0.5138994811862896,"[-0.0642664007796519, 0.07120730163169245]",-0.057269740565640846,302.0
WG1_Weilburger_Grenze,aggregation_abmil_seed43,906,4.435771065568819,6.182216000198929,0.1313877592450142,0.03401975207258353,0.5317088627990161,"[-0.03410282718607431, 0.10215919460182683]",-0.0017434129024846818,302.0
WG1_Weilburger_Grenze,aggregation_abmil_seed44,906,4.213989891226981,6.238781166793251,0.1382662711328587,0.029551314933466754,0.5291577601856129,"[-0.03645127027239765, 0.09655299654365726]",-0.02123615551211086,302.0
WG1_Weilburger_Grenze,aggregation_gated_abmil_seed42,906,4.376116437890935,6.346922027441196,0.08524306018428203,-0.005261902187952135,0.5116383986594627,"[-0.07142986596932936, 0.06080213512795645]",-0.04940629007248851,302.0
WG1_Weilburger_Grenze,aggregation_gated_abmil_seed43,906,4.224128850116898,6.182110310321818,0.15111943717022233,0.04460797723508542,0.5382665392010484,"[-0.020164639652738337, 0.11409883282771309]",0.014152423442587894,302.0
WG1_Weilburger_Grenze,aggregation_gated_abmil_seed44,906,4.365018398951221,6.343319081381514,0.0941435044217922,0.0004531778293076112,0.5139209641556656,"[-0.06630093103818538, 0.06809685752963193]",-0.04735116418543855,302.0
WG1_Weilburger_Grenze,joint_weighted_seed42,906,4.26613958571394,6.159670516133277,0.17038279758826494,0.09311828258250698,0.5616400098821659,"[0.02637598661622066, 0.1596085773942755]",0.06856355975676785,302.0
WG1_Weilburger_Grenze,joint_weighted_seed43,906,4.290594991206071,6.3008466281510325,0.13350011698352693,0.056790576278185186,0.5443891854732161,"[-0.011148082368397823, 0.12719882600933086]",0.0330361268362173,302.0
WG1_Weilburger_Grenze,joint_weighted_seed44,906,4.316700606682969,6.2260434274492304,0.13603094867022364,0.05966883630417776,0.5460165204034502,"[-0.005990984068327208, 0.1257530832477361]",0.029864065751326437,302.0
WG1_Weilburger_Grenze,mil_weighted_seed42,906,4.330236780853987,6.26685452161049,0.11339723560216758,0.032195919727424825,0.533271748821122,"[-0.03367181669591307, 0.1005392451629619]",-0.008333853724405395,302.0
