dataset,pair,n,mae,rmse,pearson,spearman,pairwise_gap5
GG1_calibration_test,JLU vs GAU,73,2.261643835616438,2.705170088086783,0.9052977039604451,0.8193390805596372,0.9585571757482733
GG1_calibration_test,aggregation_weighted_seed42 vs JLU,73,3.0546180140482235,4.322744130070393,0.7220184409776189,0.7076216509358743,0.866462010744436
GG1_calibration_test,aggregation_weighted_seed42 vs GAU,73,2.719192700516688,3.688071296368491,0.7698514358742926,0.782129693496046,0.9210950080515298
GG1_calibration_test,"aggregation_weighted_seed42 vs mean(JLU,GAU)",73,2.599496102333069,3.7834517373963865,0.7628488173836308,0.765300869770386,0.9247219846022241
GG1_calibration_test,joint_weighted_seed42 vs JLU,73,3.0595053605837363,4.1216598530302155,0.756712137567547,0.7231148603961489,0.874136607828089
GG1_calibration_test,joint_weighted_seed42 vs GAU,73,2.490823627008151,3.3575121366488836,0.8102500753770915,0.798372916031982,0.928341384863124
GG1_calibration_test,"joint_weighted_seed42 vs mean(JLU,GAU)",73,2.5111742981492657,3.5072777968879145,0.8011537887502559,0.7832614773032044,0.9341317365269461
GG1_heldout_disagreement,JLU vs GAU,218,17.8848623853211,20.032458752477808,0.16832313075571798,0.27155469661230364,0.6116907103279589
GG1_heldout_disagreement,aggregation_weighted_seed42 vs JLU,218,16.74823159034099,19.494981574907236,0.4448058810688777,0.4998787883839525,0.7061348774522038
GG1_heldout_disagreement,aggregation_weighted_seed42 vs GAU,218,4.506668347393701,6.325909752830245,0.49746473521245843,0.5518407496564771,0.7763544570868812
GG1_heldout_disagreement,"aggregation_weighted_seed42 vs mean(JLU,GAU)",218,8.887980428310708,10.474295655843953,0.574829487907585,0.6009798252638432,0.7866758499780853
GG1_heldout_disagreement,joint_weighted_seed42 vs JLU,218,16.53209665171597,19.207390143797095,0.4365935377118906,0.5051117291788427,0.7085808416113413
GG1_heldout_disagreement,joint_weighted_seed42 vs GAU,218,4.191274562450724,6.059515146422761,0.5246996443300385,0.5788544842750118,0.7918770250923065
GG1_heldout_disagreement,"joint_weighted_seed42 vs mean(JLU,GAU)",218,8.519518293371988,10.124027314041047,0.5783285422212333,0.611020742494809,0.7928119716987039
