dataset,stratum,value,n,mae,mean_true,mean_pred,spearman
DSV_Trial_1,target,0-5,575,8.507882422571598,2.5269565217391303,11.032526813175368,0.13168069921099457
DSV_Trial_1,target,5-10,133,4.806423821843657,7.646616541353383,12.124773315917281,0.04500272588568467
DSV_Trial_1,target,10-20,119,4.396501949855259,14.789915966386555,12.930370242655778,0.21172818645808958
DSV_Trial_1,target,>20,70,14.74839734349932,29.942857142857143,15.202304233823504,0.08501810080618125
DSV_Trial_1,brightness,dark,299,10.170143661690396,8.050167224080267,13.605251132046499,0.05382036408149052
DSV_Trial_1,brightness,mid,299,7.0774595809222065,5.903010033444816,11.262155331895503,0.34128032339447223
DSV_Trial_1,brightness,bright,299,6.45426400608841,7.2040133779264215,10.447553816447689,0.43435977666133174
DSV_Trial_1,frame_detected,False,896,7.9077639899083545,7.052455357142857,11.778655018125262,0.2666920606964558
DSV_Trial_1,frame_detected,True,1,1.501772403717041,7.0,5.498227596282959,
GG1_calibration_test,target,0-5,35,1.698901603562491,2.7342857142857144,4.025903030804225,0.6565243392919901
GG1_calibration_test,target,5-10,23,2.96045998905016,7.1521739130434785,6.705872836320297,0.37918412411484
GG1_calibration_test,target,10-20,13,3.5863811052762546,14.48076923076923,12.810967738811787,0.6134806353870134
GG1_calibration_test,target,>20,2,7.794062614440918,25.5,17.705937385559082,
GG1_calibration_test,brightness,dark,24,2.5106683373451233,4.760416666666667,5.86104691028595,0.6405572486906804
GG1_calibration_test,brightness,mid,25,2.41707231426239,7.266,6.906374468803405,0.78284286887629
GG1_calibration_test,brightness,bright,24,2.878348646561305,8.481250000000001,7.657152046759923,0.8416703710532474
GG1_calibration_test,frame_detected,True,73,2.599496102333069,6.8417808219178085,6.809536119029946,0.765300869770386
GG1_heldout_disagreement,target,0-5,3,4.85883207321167,4.466666666666666,9.325498739878336,-0.5
GG1_heldout_disagreement,target,5-10,21,4.192062212172009,8.242857142857142,4.403185674122402,0.23007027367104096
GG1_heldout_disagreement,target,10-20,88,6.628144181316549,15.373863636363637,10.246130588379772,0.3111225240769673
GG1_heldout_disagreement,target,>20,106,11.808426818307842,26.85330188679245,15.12750105138095,0.3875724585708175
GG1_heldout_disagreement,brightness,dark,73,9.485307993627575,19.767123287671232,10.706661363170571,0.5930137557828135
GG1_heldout_disagreement,brightness,mid,72,9.134383327431149,21.35763888888889,13.238208300537533,0.5186614620062756
GG1_heldout_disagreement,brightness,bright,73,8.047625346053136,19.24794520547945,12.20384549931304,0.6809383936857268
GG1_heldout_disagreement,frame_detected,False,2,12.218762969970703,22.35,10.131237030029297,
GG1_heldout_disagreement,frame_detected,True,216,8.857139849221266,20.09791666666667,12.061831132129386,0.6017578992705799
WG1_Weilburger_Grenze,target,0-5,538,2.686389947912507,2.940520446096654,5.3522794805051666,-0.07258525741202118
WG1_Weilburger_Grenze,target,5-10,194,2.74205879943887,7.747422680412371,5.542618774876152,-0.05013913001742138
WG1_Weilburger_Grenze,target,10-20,145,9.09475707350106,14.703448275862069,5.608691202361008,0.09650521258781132
WG1_Weilburger_Grenze,target,>20,29,20.640875101089478,27.896551724137932,7.255676623048453,0.09197505582381181
WG1_Weilburger_Grenze,brightness,dark,302,4.415454746082129,6.685430463576159,5.339800758867074,0.08677794767671095
WG1_Weilburger_Grenze,brightness,mid,302,4.165389680309801,6.771523178807947,5.060806574016217,0.011739906855797438
WG1_Weilburger_Grenze,brightness,bright,302,4.31505740359919,6.496688741721854,6.084390181184604,0.053737330601961286
WG1_Weilburger_Grenze,frame_detected,False,376,3.9848164129764476,5.539893617021277,6.664697770108568,0.13163951256995166
WG1_Weilburger_Grenze,frame_detected,True,530,4.521266757317309,7.439622641509434,4.665175259788081,0.1710015387216464
